role,participant,pl_brl_current,pl_bi,share_current,share_pct,funds_current,rank_pl,rank_fundos,competencia_current
administrador,BTG PACTUAL,146427014608.99,146.42701460899,0.152761155067807,15.2761155067807,427.0,1,2,2026-05
administrador,QI TECH + SINGULARE,139239433514.77,139.23943351476998,0.1452626535581739,14.526265355817388,821.0,2,1,2026-05
administrador,OLIVEIRA TRUST,97677103582.42,97.67710358242,0.1019024201700292,10.190242017002921,156.0,3,8,2026-05
administrador,GRUPO BB,60900746443.310005,60.900746443310005,0.0635351912078148,6.353519120781479,3.0,4,45,2026-05
administrador,BANCO DAYCOVAL S.A,57683385233.45,57.68338523345,0.0601786533722179,6.0178653372217905,398.0,5,3,2026-05
administrador,GRUPO GENIAL,51763005017.13,51.76300501713,0.0540021693217802,5.4002169321780205,138.0,6,9,2026-05
administrador,GRUPO BRADESCO/BEM,51383839903.15,51.383839903150005,0.0536066022815884,5.3606602281588405,46.0,7,20,2026-05
administrador,REAG/CBSF,42961524382.72,42.96152438272,0.0448199541983636,4.48199541983636,80.0,8,14,2026-05
administrador,ITAU/INTRAG,31609797760.030003,31.609797760030002,0.0329771745341962,3.29771745341962,40.0,9,26,2026-05
administrador,HEMERA DISTRIBUIDORA DE TITULOS E VALORES MOBILIARIOS LTDA,24546744869.45,24.546744869450002,0.0256085880697982,2.56085880697982,127.0,10,11,2026-05
administrador,BRL TRUST DISTRIBUIDORA DE TITULOS E VALORES MOBILIARIOS S.A,22460182907.76,22.460182907759997,0.0234317656013522,2.34317656013522,138.0,11,9,2026-05
administrador,XP INVESTIMENTOS CCTVM S.A,17768425494.940002,17.76842549494,0.0185370521251934,1.8537052125193398,44.0,12,21,2026-05
administrador,FINAXIS CORRETORA DE TITULOS E VALORES MOBILIARIOS S.A,17689084841.81,17.68908484181,0.0184542793537322,1.8454279353732201,68.0,13,17,2026-05
administrador,VORTX DISTRIBUIDORA DE TITULOS E VALORES MOBILIARIOS LTDA,17003097747.6,17.003097747600002,0.0177386178267048,1.7738617826704801,177.0,14,6,2026-05
administrador,ID CORRETORA DE TITULOS E VALORES MOBILIARIOS S.A,16622704309.15,16.62270430915,0.0173417693271775,1.73417693271775,295.0,15,4,2026-05
administrador,VERT DISTRIBUIDORA DE TITULOS E VALORES MOBILIARIOS LTDA,15387367344.93,15.38736734493,0.0160529941509839,1.60529941509839,44.0,16,21,2026-05
administrador,MAF DISTRIBUIDORA DE TITULOS E VALORES MOBILIARIOS S.A,13227802357.82,13.22780235782,0.0138000106919149,1.38000106919149,43.0,17,23,2026-05
administrador,LIMINE TRUST DISTRIBUIDORA DE TITULOS E VALORES MOBILIARIOS LTDA,13100767649.99,13.100767649989999,0.0136674807161202,1.3667480716120202,163.0,18,7,2026-05
administrador,BNY MELLON SERVICOS FINANCEIROS DTVM S.A,13056460429.99,13.05646042999,0.0136212568541975,1.3621256854197499,43.0,19,23,2026-05
administrador,PLANNER CORRETORA DE VALORES S.A,12568638779.27,12.56863877927,0.013112333012309,1.3112333012308999,184.0,20,5,2026-05
administrador,TRUSTEE DISTRIBUIDORA DE TITULOS E VALORES MOBILIARIOS LTDA,11646899211.14,11.64689921114,0.0121507208297808,1.21507208297808,42.0,21,25,2026-05
administrador,FIDD DISTRIBUIDORA DE TITULOS E VALORES MOBILIARIOS LTDA,10139078076.08,10.13907807608,0.0105776743612552,1.05776743612552,88.0,22,13,2026-05
administrador,SEFER INVESTIMENTOS DISTRIBUIDORA DE TITULOS E VALORES MOBILIARIOS LTDA,8008728255.19,8.00872825519,0.0083551698581983,0.8355169858198299,25.0,23,30,2026-05
administrador,S3 CACEIS BRASIL DISTRIBUIDORA DE TITULOS E VALORES MOBILIARIOS S.A,7915269947.64,7.915269947640001,0.0082576687307585,0.82576687307585,13.0,24,36,2026-05
administrador,CATALISE DISTRIBUIDORA DE TITULOS E VALORES MOBILIARIOS LTDA,7177237789.43,7.17723778943,0.0074877107741178,0.7487710774117801,78.0,25,16,2026-05
administrador,QORE DISTRIBUIDORA DE TITULOS E VALORES MOBILIARIOS LTDA,6701330238.14,6.701330238140001,0.0069912164118262,0.69912164118262,40.0,26,26,2026-05
administrador,"MASTER S/A CORRETORA DE CAMBIO, TITULOS E VALORES MOBILIARIOS",6694362068.5199995,6.694362068519999,0.0069839468130933,0.69839468130933,15.0,27,35,2026-05
administrador,BANVOX DISTRIBUIDORA DE TITULOS E VALORES MOBILIARIOS LTDA,6405709837.68,6.40570983768,0.0066828080627489,0.66828080627489,54.0,28,19,2026-05
administrador,BANCO FINAXIS S.A,5337533438.6,5.3375334386,0.0055684244841765,0.55684244841765,17.0,29,34,2026-05
administrador,RJI CORRETORA DE TITULOS E VALORES MOBILIARIOS LTDA,3951789316.1,3.9517893160999997,0.0041227358361712,0.41227358361711997,18.0,30,33,2026-05
administrador,MONETAR DISTRIBUIDORA DE TITULOS E VALORES MOBILIARIOS LTDA,3195698423.1,3.1956984231,0.0033339379599094,0.33339379599094,80.0,31,14,2026-05
administrador,BANCO J. SAFRA S.A,2956263542.31,2.95626354231,0.0030841456039655,0.30841456039655,4.0,32,40,2026-05
administrador,OSLO CAPITAL DISTRIBUIDORA DE TITULOS E VALORES MOBILIARIOS S.A,2397272549.62,2.39727254962,0.0025009737763909,0.25009737763909,21.0,33,31,2026-05
administrador,ACTUAL DISTRIBUIDORA DE TITULOS E VALORES MOBILIARIOS S.A,2345324337.75,2.34532433775,0.0024467783885374,0.24467783885373998,63.0,34,18,2026-05
administrador,AZUMI DISTRIBUIDORA DE TITULOS E VALORES MOBILIARIOS LTDA,2082665554.33,2.08266555433,0.0021727575102787,0.21727575102787,95.0,35,12,2026-05
administrador,CAIXA ECONOMICA FEDERAL,1865099983.25,1.86509998325,0.001945780486743,0.1945780486743,4.0,36,40,2026-05
administrador,FINVEST DISTRIBUIDORA DE TITULOS E VALORES MOBILIARIOS LTDA,1047476681.53,1.04747668153,0.0010927884325471,0.10927884325471,33.0,37,28,2026-05
administrador,INTER DISTRIBUIDORA DE TITULOS E VALORES MOBILIARIOS,958433386.06,0.95843338606,0.0009998933017998,0.09998933017997999,8.0,38,38,2026-05
administrador,INTEGRAL ACCESS DISTRIBUIDORA DE TITULOS E VALORES MOBILIARIOS LTDA,889201023.08,0.88920102308,0.0009276660849495,0.09276660849495,4.0,39,40,2026-05
administrador,WNT CAPITAL DISTRIBUIDORA DE TITULOS E VALORES MOBILIARIOS S.A,686294323.12,0.68629432312,0.0007159820460469,0.07159820460469,21.0,40,31,2026-05
administrador,BR-CAPITAL DTVM S.A,640384800.38,0.64038480038,0.000668086568965,0.06680865689650001,1.0,41,48,2026-05
administrador,LASTRO RDV DTVM LTDA,639716187.72,0.63971618772,0.0006673890334555,0.06673890334555,8.0,42,38,2026-05
administrador,SANTANDER DISTRIBUIDORA DE TITULOS E VALORES MOBILIARIOS S.A,507114261.73,0.5071142617300001,0.0005290510127526,0.05290510127526,1.0,43,48,2026-05
administrador,INTRA INVESTIMENTOS DTVM LTDA,444284369.98,0.44428436998000004,0.0004635032252617,0.04635032252617,26.0,44,29,2026-05
administrador,BARU DISTRIBUIDORA DE TITULOS E VALORES MOBILIARIOS LTDA,344831175.65000004,0.34483117565000004,0.0003597478842025,0.03597478842025,10.0,45,37,2026-05
administrador,LIONS TRUST DISTRIBUIDORA DE TITULOS E VALORES MOBILIARIOS LTDA,182357206.23,0.18235720622999999,0.0001902456150801,0.019024561508009998,4.0,46,40,2026-05
administrador,ATIVA INVESTIMENTOS S.A. C.T.C.V,98331024.34,0.09833102434,0.0001025846282346,0.01025846282346,4.0,47,40,2026-05
administrador,BANCO BNP PARIBAS BRASIL S/A,78056259.53,0.07805625953,8.143281755703595e-05,0.008143281755703596,1.0,48,48,2026-05
administrador,DILLON S/A DTVM,67371559.23,0.06737155923,7.028591844323585e-05,0.007028591844323585,2.0,49,47,2026-05
administrador,BFL ADMINISTRACAO DE RECURSOS LTDA,38424092.17,0.03842409217,4.0086241722507294e-05,0.00400862417225073,1.0,50,48,2026-05
administrador,MERITO DISTRIBUIDORA DE TITULOS E VALORES MOBILIARIOS LTDA,15993991.42,0.01599399142,1.66858595730312e-05,0.00166858595730312,3.0,51,45,2026-05
administrador,HEDGE INVESTMENTS DISTRIBUIDORA DE TITULOS E VALORES MOBILIARIOS LTDA,0.0,0.0,0.0,0.0,0.0,52,52,2026-05
administrador,SICOOB DISTRIBUIDORA DE TITULOS E VALORES MOBILIARIOS LTDA,0.0,0.0,0.0,0.0,0.0,52,52,2026-05
gestor,OLIVEIRA TRUST,75780956243.46,75.78095624346001,0.0790590891906578,7.905908919065779,50.0,1,14,2026-05
gestor,BTG PACTUAL,67963846941.08,67.96384694108,0.0709038273387948,7.09038273387948,77.0,2,6,2026-05
gestor,GRUPO BB,60892601463.94,60.892601463940004,0.0635266938928904,6.35266938928904,2.0,3,268,2026-05
gestor,GRUPO BRADESCO/BEM,40699594025.93,40.69959402593,0.042460177247991,4.2460177247991,31.0,4,33,2026-05
gestor,REAG/CBSF,39835855796.98,39.835855796980006,0.0415590754268348,4.1559075426834795,60.0,5,8,2026-05
gestor,SOLIS INVESTIMENTOS S A,27173703227.65,27.17370322765,0.0283491834045133,2.8349183404513303,112.0,6,2,2026-05
gestor,GRUPO GENIAL,26996453150.27,26.99645315027,0.028164265842486,2.8164265842486,48.0,7,16,2026-05
gestor,TERCON INVESTIMENTOS S.A,23959513209.65,23.95951320965,0.0249959539402082,2.49959539402082,230.0,8,1,2026-05
gestor,ITAU/INTRAG,19401175472.15,19.40117547215,0.0202404316082865,2.02404316082865,27.0,9,41,2026-05
gestor,VALORA RENDA FIXA LTDA,15149985484.47,15.14998548447,0.0158053436249328,1.58053436249328,24.0,10,46,2026-05
gestor,INTEGRAL INVESTIMENTOS LTDA,14101509780.25,14.10150978025,0.0147115129539676,1.47115129539676,20.0,11,51,2026-05
gestor,VERT GESTORA DE RECURSOS FINANCEIROS LTDA,14022094094.43,14.02209409443,0.014628661904052,1.4628661904051998,45.0,12,17,2026-05
gestor,KANASTRA ADMINISTRACAO DE RECURSOS LTDA,13541465222.99,13.54146522299,0.014127241986722,1.4127241986722,42.0,13,18,2026-05
gestor,ARTESANAL INVESTIMENTOS LTDA,13439992082.76,13.43999208276,0.014021379320934,1.4021379320934,29.0,14,38,2026-05
gestor,PETRA CAPITAL GESTAO DE INVESTIMENTOS LTDA,13244109811.87,13.24410981187,0.0138170235738858,1.38170235738858,56.0,15,10,2026-05
gestor,POLIGONO CAPITAL LTDA,13202342508.58,13.20234250858,0.0137734495004015,1.37734495004015,54.0,16,12,2026-05
gestor,OURO PRETO GESTAO DE RECURSOS S.A,12239021209.8,12.239021209799999,0.0127684568445312,1.27684568445312,100.0,17,4,2026-05
gestor,ANGA ADMINISTRACAO DE RECURSOS LTDA,12167667058.45,12.16766705845,0.0126940160549801,1.26940160549801,40.0,18,22,2026-05
gestor,JUS CAPITAL GESTAO DE RECURSOS LTDA,12120870728.0,12.120870728,0.0126451954086563,1.26451954086563,35.0,19,24,2026-05
gestor,M8 PARTNERS GESTORA DE RECURSOS LTDA,11847668162.81,11.847668162809999,0.0123601746456682,1.2360174645668198,56.0,20,10,2026-05
gestor,MULTIPLICA CAPITAL ASSET MANAGEMENT LTDA,10531123421.18,10.53112342118,0.0109866788056629,1.0986678805662902,53.0,21,13,2026-05
gestor,DAYCOVAL ASSET MANAGEMENT ADMINISTRACAO DE RECURSOS LTDA,9976146018.78,9.976146018780002,0.0104076941882852,1.04076941882852,35.0,22,24,2026-05
gestor,REDASSET GESTAO DE RECURSOS LTDA,9899202766.78,9.89920276678,0.0103274225247429,1.03274225247429,9.0,23,110,2026-05
gestor,CATALISE INVESTIMENTOS LTDA,9441582390.22,9.441582390219999,0.0098500064038683,0.98500064038683,105.0,24,3,2026-05
gestor,XP VISTA ASSET MANAGEMENT LTDA,8906587475.48,8.90658747548,0.0092918686766919,0.92918686766919,41.0,25,20,2026-05
gestor,SMART AGRO INVESTIMENTOS LTDA,8737524820.86,8.737524820860001,0.0091154927089953,0.91154927089953,11.0,26,89,2026-05
gestor,JIVE HIGH YIELD GESTAO DE RECURSOS LTDA,8488837244.08,8.488837244079999,0.0088560474038966,0.8856047403896601,18.0,27,55,2026-05
gestor,JIVE INVESTMENTS GESTAO DE RECURSOS E CONSULTORIA S.A,8342318387.36,8.342318387359999,0.0087031904338113,0.8703190433811301,30.0,28,36,2026-05
gestor,ORRAM GESTAO DE RECURSOS LTDA,8296290647.650001,8.29629064765,0.0086551716259292,0.8655171625929201,33.0,29,30,2026-05
gestor,XP INVESTIMENTOS CCTVM S.A,8010271568.71,8.01027156871,0.0083567799323815,0.83567799323815,3.0,30,224,2026-05
gestor,VERSAL FINANCE GESTAO DE RECURSOS LTDA,6970488538.29,6.97048853829,0.0072720179629388,0.72720179629388,13.0,31,76,2026-05
gestor,ASA ASSET MANAGEMENT LTDA,6629398944.54,6.62939894454,0.006916173514003,0.6916173514003,9.0,32,110,2026-05
gestor,G5 ADMINISTRADORA DE RECURSOS LTDA,6091476108.18,6.09147610818,0.0063549812091599,0.63549812091599,42.0,33,18,2026-05
gestor,TRUSTEE DISTRIBUIDORA DE TITULOS E VALORES MOBILIARIOS LTDA,5991042215.77,5.99104221577,0.0062502027469788,0.62502027469788,10.0,34,100,2026-05
gestor,GV ATACAMA CAPITAL LTDA,5826917986.14,5.826917986140001,0.0060789788306827,0.60789788306827,31.0,35,33,2026-05
gestor,RIZA SECURITIZACAO E CARTEIRAS GESTORA DE RECURSOS LTD,5693795604.17,5.69379560417,0.0059400978401126,0.59400978401126,18.0,36,55,2026-05
gestor,BRL TRUST DISTRIBUIDORA DE TITULOS E VALORES MOBILIARIOS S.A,5278360276.42,5.27836027642,0.0055066916090799,0.55066916090799,17.0,37,59,2026-05
gestor,VALORA RENDA FIXA ESTRUTURADOS LTDA,5226986126.54,5.22698612654,0.0054530951159925,0.54530951159925,34.0,38,29,2026-05
gestor,REDWOOD ADMINISTRACAO DE RECURSOS LTDA,5179762464.7,5.1797624647,0.0054038286527755,0.54038286527755,83.0,39,5,2026-05
gestor,BLESS CAPITAL GESTORA DE RECURSOS LTDA,5100122724.62,5.10012272462,0.0053207438564597,0.53207438564597,76.0,40,7,2026-05
gestor,QI TECH + SINGULARE,4911885951.61,4.9118859516099995,0.0051243643362733,0.51243643362733,17.0,41,59,2026-05
gestor,VCM GESTAO DE CAPITAL LTDA,4846510824.46,4.84651082446,0.0050561612115779,0.50561612115779,24.0,42,46,2026-05
gestor,BRAVE GESTORA DE RECURSOS LTDA,4376372204.889999,4.376372204889999,0.0045656853334807,0.45656853334807,27.0,43,41,2026-05
gestor,LASS CAPITAL GESTAO DE RECURSOS LTDA,4346824803.35,4.3468248033500005,0.0045348597703116,0.45348597703115995,13.0,44,76,2026-05
gestor,PORTOFINO GESTAO DE RECURSOS LTDA,4344457175.13,4.3444571751300005,0.0045323897232193,0.45323897232193,11.0,45,89,2026-05
gestor,GALAPAGOS CAPITAL INVESTIMENTOS E PARTICIPACOES LTDA,4285819588.64,4.28581958864,0.0044712155917483,0.44712155917483004,35.0,46,24,2026-05
gestor,NOVA OCCAM BRASIL GESTAO DE RECURSOS LTDA,4189743621.41,4.18974362141,0.0043709835698943,0.43709835698943,6.0,47,153,2026-05
gestor,ACURA GESTORA DE RECURSOS LTDA,4044196054.04,4.04419605404,0.0042191399051981,0.42191399051981,14.0,48,71,2026-05
gestor,ECO GESTAO DE ATIVOS LTDA,3979050191.58,3.97905019158,0.0041511759627258,0.41511759627258,9.0,49,110,2026-05
gestor,GESTORA DE RECURSOS ID - GRID LTDA,3965921746.0,3.965921746,0.0041374796067876,0.41374796067875996,57.0,50,9,2026-05
gestor,CARMEL GESTORA DE ATIVOS LTDA,3804172311.07,3.8041723110700003,0.0039687332140714,0.39687332140714,26.0,51,43,2026-05
gestor,SUESTE CAPITAL GESTAO DE RECURSOS LTDA,3779427818.62,3.77942781862,0.0039429183242553,0.39429183242553,17.0,52,59,2026-05
gestor,INVISTA GESTORA DE RECURSOS LTDA,3731463508.86,3.73146350886,0.0038928791741672,0.38928791741672,4.0,53,182,2026-05
gestor,SECURITY ADM. DE RECURSOS LTDA,3715379541.24,3.71537954124,0.0038760994462033,0.38760994462033,2.0,54,268,2026-05
gestor,QUADRA GESTAO DE RECURSOS S.A,3605249422.74,3.6052494227399996,0.0037612053185402,0.37612053185402,23.0,55,49,2026-05
gestor,MILENIO CAPITAL GESTAO DE INVESTIMENTOS LTDA,3491652328.89,3.49165232889,0.0036426942410918,0.36426942410918,35.0,56,24,2026-05
gestor,INTRA ASSET MANAGEMENT LTDA,3407402160.44,3.40740216044,0.0035547995784747,0.35547995784747,10.0,57,100,2026-05
gestor,ARTESANAL FINANCEIRO LTDA,3402898699.1,3.4028986991,0.0035501013063837,0.35501013063837,10.0,58,100,2026-05
gestor,H2 KAPITAL S.A,3378653739.42,3.3786537394200002,0.0035248075581285,0.35248075581285,16.0,59,65,2026-05
gestor,MULTIPLIKE GESTAO DE RECURSOS LTDA,3301105102.87,3.30110510287,0.0034439043223086,0.34439043223086,2.0,60,268,2026-05
gestor,BANK OF AMERICA MERRILL LYNCH BANCO MULTIPLO S.A,3167591673.65,3.16759167365,0.0033046153685648,0.33046153685648,2.0,61,268,2026-05
gestor,MORE INVEST GESTORA DE RECURSOS LTDA,3167290809.96,3.16729080996,0.003304301490112,0.3304301490112,4.0,62,182,2026-05
gestor,NEBRASKA CAPITAL GESTAO DE RECURSOS LTDA,3165139500.64,3.16513950064,0.0033020571194437,0.33020571194437,5.0,63,169,2026-05
gestor,GUARDIAN CREDITO LTDA,3108489509.54,3.10848950954,0.003242956562773,0.3242956562773,14.0,64,71,2026-05
gestor,VINCI GESTORA DE RECURSOS LTDA,3100971795.0,3.100971795,0.0032351136469035,0.32351136469034997,13.0,65,76,2026-05
gestor,NORTH SEA GESTORA DE RECURSOS LTDA,2967850847.67,2.9678508476700003,0.0030962341530331,0.30962341530331,7.0,66,141,2026-05
gestor,EMERALD GESTAO DE INVESTIMENTOS SOCIEDADE UNIPESSOAL LIMITADA,2956263542.31,2.95626354231,0.0030841456039655,0.30841456039655,4.0,67,182,2026-05
gestor,PHRONESIS INVESTIMENTOS LTDA,2818319335.09,2.81831933509,0.002940234205607,0.2940234205607,3.0,68,224,2026-05
gestor,NOVA S.R.M. ADMINISTRACAO DE RECURSOS E FINANCAS S/A,2746384695.22,2.7463846952199997,0.0028651878167609,0.28651878167609,9.0,69,110,2026-05
gestor,BLUE SOLUTIONS ASSET MANAGEMENT LTDA,2675134405.31,2.67513440531,0.0027908553814884,0.27908553814884,16.0,70,65,2026-05
gestor,ARTESANAL MCMS LTDA,2656203376.84,2.65620337684,0.0027711054345034,0.27711054345034003,12.0,71,81,2026-05
gestor,REGIA CAPITAL LTDA,2585230919.89,2.58523091989,0.0026970628506903,0.26970628506903,8.0,72,125,2026-05
gestor,APEX GROUP INVESTIMENTOS LTDA,2532101392.72,2.53210139272,0.0026416350461942,0.26416350461942,1.0,73,330,2026-05
gestor,VINCI SPS GESTAO DE RECURSOS LTDA,2493142902.39,2.49314290239,0.0026009912893137,0.26009912893137,9.0,74,110,2026-05
gestor,EUQUEROINVESTIR GESTAO DE RECURSOS LTDA,2471267501.22,2.47126750122,0.0025781696019412,0.25781696019412,28.0,75,39,2026-05
gestor,FARMTECH GESTAO DE RECURSOS LTDA,2444047404.45,2.44404740445,0.0025497720181022,0.25497720181022,12.0,76,81,2026-05
gestor,EUROVEST ASSET MANAGEMENT LTDA,2167261890.4700003,2.1672618904700003,0.0022610133151093,0.22610133151092998,2.0,77,268,2026-05
gestor,BURITI INVESTIMENTOS GESTORA DE RECURSOS LTDA,2144323058.74,2.14432305874,0.0022370821952928,0.22370821952928002,41.0,78,20,2026-05
gestor,LETO ASSET MANAGEMENT LTDA,2128731158.31,2.12873115831,0.0022208158203636,0.22208158203636,12.0,79,81,2026-05
gestor,AUGME CAPITAL GESTAO DE RECURSOS LTDA,2121053106.83,2.12105310683,0.002212805631698,0.2212805631698,26.0,80,43,2026-05
gestor,IORQ GESTAO DE RECURSOS LTDA,2111506564.6,2.1115065646,0.0022028461251012,0.22028461251012,17.0,81,59,2026-05
gestor,EB CAPITAL CREDITO PRIVADO LTDA,2084491053.34,2.08449105334,0.0021746619767332,0.21746619767332,1.0,82,330,2026-05
gestor,TIVIO CAPITAL DISTRIBUIDORA DE TITULOS E VALORES MOBILIARIOS S.A,2067324375.5,2.0673243755,0.0021567527026657,0.21567527026657,9.0,83,110,2026-05
gestor,PRAVALER S/A,2054916276.52,2.05491627652,0.002143807854084,0.2143807854084,4.0,84,182,2026-05
gestor,LATACHE GESTAO DE RECURSOS LTDA,2051804645.93,2.05180464593,0.0021405616205639,0.21405616205639003,11.0,85,89,2026-05
gestor,KINEA INVESTIMENTOS LTDA,1978199653.56,1.97819965356,0.0020637726231018,0.20637726231018,4.0,86,182,2026-05
gestor,MAM ASSET MANAGEMENT GESTORA DE RECURSOS LTDA,1945034361.84,1.94503436184,0.0020291726670428,0.20291726670428,4.0,87,182,2026-05
gestor,OPEA GESTORA DE RECURSOS LTDA,1896183868.05,1.89618386805,0.001978208998372,0.1978208998372,10.0,88,100,2026-05
gestor,PRISMA CAPITAL LTDA,1877456387.2,1.8774563872,0.0019586714040709,0.19586714040709,6.0,89,153,2026-05
gestor,RENOVA GESTORA DE RECURSOS LTDA,1821071976.43,1.82107197643,0.0018998479162053,0.18998479162053,18.0,90,55,2026-05
gestor,LIBERTAS ASSET S/A,1810355504.31,1.81035550431,0.001888667870886,0.1888667870886,35.0,91,24,2026-05
gestor,KUMB INVEST S.A,1800662464.82,1.80066246482,0.00187855552985,0.187855552985,3.0,92,224,2026-05
gestor,TRIUS CAPITAL GESTAO DE INVESTIMENTOS E CONSULTORIA LTDA,1782546719.98,1.78254671998,0.0018596561340379,0.18596561340379,5.0,93,169,2026-05
gestor,BERKANA INVESTIMENTOS E GESTAO DE RECURSOS LTDA,1772099509.24,1.77209950924,0.0018487569978086,0.18487569978086002,6.0,94,153,2026-05
gestor,PRISMA CLAIMS LTDA,1771616873.73,1.77161687373,0.0018482534844495,0.18482534844495,11.0,95,89,2026-05
gestor,KP GESTAO DE RECURSOS LTDA,1750563413.75,1.75056341375,0.0018262892938027,0.18262892938027,11.0,96,89,2026-05
gestor,PATRIMONIAL GESTAO DE RECURSOS LTDA,1727950607.47,1.72795060747,0.0018026983026466,0.18026983026466,14.0,97,71,2026-05
gestor,ARTESANAL AGRO LTDA,1717452403.4599998,1.7174524034599998,0.0017917459672801,0.17917459672801,6.0,98,153,2026-05
gestor,KOBOLD GESTORA DE FUNDOS LTDA,1705586513.38,1.7055865133800001,0.0017793667824735,0.17793667824735,4.0,99,182,2026-05
gestor,VERDE ASSET MANAGEMENT S.A,1697983196.05,1.69798319605,0.0017714345608081,0.17714345608081,6.0,100,153,2026-05
gestor,CULTINVEST ASSET MANAGEMENT LTDA,1654041358.87,1.6540413588699998,0.001725591887437,0.1725591887437,10.0,101,100,2026-05
gestor,MENESTYS GESTORA DE RECURSOS LTDA,1653818133.23,1.65381813323,0.0017253590055013,0.17253590055013002,31.0,102,33,2026-05
gestor,HARBOUR CAPITAL ADMINISTRADORA DE CARTEIRAS DE VALORES MOBILIARIOS LTDA,1633276490.35,1.6332764903499999,0.0017039287721409,0.17039287721409,38.0,103,23,2026-05
gestor,STRATA CAPITAL GESTAO DE RECURSOS LTDA,1586867338.92,1.58686733892,0.0016555120534289,0.16555120534289,33.0,104,30,2026-05
gestor,B.OND CAPITAL LTDA,1552167256.28,1.55216725628,0.0016193109144574,0.16193109144574,3.0,105,224,2026-05
gestor,WNT GESTORA DE RECURSOS LTDA,1436306710.37,1.4363067103699998,0.0014984384725295,0.14984384725295,30.0,106,36,2026-05
gestor,ARTESANAL IMOBILIARIO LTDA,1418933308.87,1.4189333088699998,0.001480313532349,0.1480313532349,2.0,107,268,2026-05
gestor,ALGARVE CAPITAL GESTAO DE RECURSOS LTDA,1375840875.33,1.37584087533,0.0014353570061245,0.14353570061245,20.0,108,51,2026-05
gestor,SOSU CAPITAL GESTAO DE INVESTIMENTOS LTDA,1364512755.78,1.3645127557799999,0.0014235388547279,0.14235388547279001,21.0,109,50,2026-05
gestor,ORIZ ASSET MANAGEMENT LTDA,1361091743.66,1.36109174366,0.0014199698564501,0.14199698564500998,17.0,110,59,2026-05
gestor,APUAMA CAPITAL GESTORA DE RECURSOS LTDA,1348286855.76,1.34828685576,0.0014066110546516,0.14066110546516,19.0,111,53,2026-05
gestor,GUARDIAN GESTORA LTDA,1323494814.42,1.32349481442,0.0013807465590754,0.13807465590754,12.0,112,81,2026-05
gestor,SUNO GESTORA DE RECURSOS LTDA,1319568873.5,1.3195688735,0.0013766507897854,0.13766507897854,5.0,113,169,2026-05
gestor,SRM EMPIRICA GESTAO DE CREDITO LTDA,1316352831.09,1.31635283109,0.0013732956277983,0.13732956277983,28.0,114,39,2026-05
gestor,LUMINA CAPITAL MANAGEMENT LTDA,1261017580.62,1.26101758062,0.0013155666848137,0.13155666848137001,9.0,115,110,2026-05
gestor,PATRIA INVESTIMENTOS LTDA,1233033077.7,1.2330330777,0.0012863716281401,0.12863716281401,6.0,116,153,2026-05
gestor,CONTEA CAPITAL GESTAO DE RECURSOS LTDA,1228876795.4,1.2288767954000002,0.0012820355533616,0.12820355533615999,18.0,117,55,2026-05
gestor,ROOT CAPITAL - GESTAO DE RECURSOS LTDA,1224550257.52,1.22455025752,0.0012775218580864,0.12775218580864,15.0,118,68,2026-05
gestor,OSLO CAPITAL DISTRIBUIDORA DE TITULOS E VALORES MOBILIARIOS S.A,1205729272.87,1.20572927287,0.0012578867151975,0.12578867151974998,4.0,119,182,2026-05
gestor,BRZ GESTAO DE RECURSOS LTDA,1201573026.1599998,1.20157302616,0.0012535506775486,0.12535506775486002,11.0,120,89,2026-05
gestor,CVPAR INVESTIMENTOS LTDA,1172066586.8,1.1720665868,0.0012227678485016,0.12227678485016,11.0,121,89,2026-05
gestor,GOLDEN ASSET GESTORA DE RECURSOS LTDA,1152703953.63,1.15270395363,0.0012025676264585,0.12025676264585,4.0,122,182,2026-05
gestor,TAG INVESTIMENTOS LTDA,1144391244.47,1.14439124447,0.0011938953260882,0.11938953260882,15.0,123,68,2026-05
gestor,ARC CAPITAL LTDA,1144069583.44,1.14406958344,0.0011935597506439,0.11935597506439,8.0,124,125,2026-05
gestor,PLURAL INVESTIMENTOS GESTAO DE RECURSOS LTDA,1130214063.42,1.13021406342,0.0011791048684763,0.11791048684763,14.0,125,71,2026-05
gestor,CAIXA ECONOMICA FEDERAL,1129073722.6,1.1290737225999998,0.001177915198788,0.1177915198788,2.0,126,268,2026-05
gestor,PIER GESTAO DE RECURSOS FINANCEIROS LTDA,1078065040.9,1.0780650409,0.0011246999833048,0.11246999833048,4.0,127,182,2026-05
gestor,ASAROCK ASSET MANAGEMENT LTDA,1077942894.2,1.0779428942,0.0011245725527823,0.11245725527823001,10.0,128,100,2026-05
gestor,V8 CAPITAL GESTAO DE INVESTIMENTOS LTDA,1076065967.19,1.0760659671900001,0.0011226144336552,0.11226144336551999,7.0,129,141,2026-05
gestor,YARDS ASSET GESTORA DE RECURSOS LTDA,1047986060.57,1.04798606057,0.0010933198463079,0.10933198463079,4.0,130,182,2026-05
gestor,BBS ASSET MANAGEMENT - ADMINISTRADORA DE RECURSOS LTDA,1046386092.82,1.04638609282,0.0010916506671458,0.10916506671458,10.0,131,100,2026-05
gestor,CHIMERA CAPITAL ASSET MANAGEMENT LTDA,987486336.4,0.9874863363999999,0.0010302030247967,0.10302030247967,17.0,132,59,2026-05
gestor,ASSET BANK ASSET MANAGEMENT LTDA,984104554.96,0.98410455496,0.0010266749542399,0.10266749542399,50.0,133,14,2026-05
gestor,SAMESIDE CONSULTORIA E GESTAO LTDA,960708741.59,0.9607087415900001,0.0010022670846696,0.10022670846696,1.0,134,330,2026-05
gestor,BRZ INVESTIMENTOS LTDA,953829196.7,0.9538291967,0.0009950899443957,0.09950899443957001,8.0,135,125,2026-05
gestor,SOMMA MULTI-FAMILY OFFICE S.A,927596262.61,0.92759626261,0.0009677222259244,0.09677222259244,4.0,136,182,2026-05
gestor,TERA INVESTIMENTOS LTDA,910011446.07,0.9100114460700001,0.0009493767253112,0.09493767253112001,9.0,137,110,2026-05
gestor,RCB PORTFOLIOS LTDA,855908191.85,0.85590819185,0.0008929330722759,0.08929330722759,4.0,138,182,2026-05
gestor,EVEREST CAPITAL GESTORA DE RECURSOS LTDA,835340672.9300001,0.83534067293,0.0008714758435297,0.08714758435297,9.0,139,110,2026-05
gestor,MULTINVEST CAPITAL ADMINISTRADORA DE RECURSOS LTDA,825125478.54,0.82512547854,0.0008608187602146,0.08608187602146,10.0,140,100,2026-05
gestor,SEVEN POUNDS ASSET MANAGEMENT LTDA,815497297.88,0.81549729788,0.0008507740836722,0.08507740836722,2.0,141,268,2026-05
gestor,INTER ASSET GESTAO DE RECURSOS LTDA,813707307.62,0.81370730762,0.0008489066620054,0.08489066620054,2.0,142,268,2026-05
gestor,REDITUS INVESTIMENTOS LTDA,802825634.81,0.8028256348099999,0.0008375542697439,0.08375542697439,1.0,143,330,2026-05
gestor,NETZ ASSET GESTAO DE RECURSOS LTDA,799399528.05,0.7993995280499999,0.0008339799564422,0.08339799564422,15.0,144,68,2026-05
gestor,GLOBAL GESTAO E INVESTIMENTOS LTDA,786924287.71,0.78692428771,0.0008209650620993,0.08209650620993,16.0,145,65,2026-05
gestor,RENTA GESTAO DE RECURSOS LTDA,761425235.27,0.76142523527,0.0007943629715338,0.07943629715337999,8.0,146,125,2026-05
gestor,VILA RICA CAPITAL GESTORA DE RECURSOS LTDA,760893168.02,0.76089316802,0.0007938078881163,0.07938078881163001,3.0,147,224,2026-05
gestor,EXT CAPITAL LTDA,755975295.38,0.75597529538,0.0007886772781194,0.07886772781194,9.0,148,110,2026-05
gestor,RB ASSET MANAGEMENT LTDA,741921689.8199999,0.74192168982,0.0007740157416267,0.07740157416267,2.0,149,268,2026-05
gestor,CAIXA DISTRIBUIDORA DE TITULOS E VALORES MOBILIARIOS S.A,736026260.65,0.73602626065,0.000767865287955,0.07678652879549999,2.0,150,268,2026-05
gestor,IRON CAPITAL GESTAO DE RECURSOS LTDA,727816439.04,0.7278164390399999,0.0007593003258448,0.07593003258448,11.0,151,89,2026-05
gestor,REAL INVESTOR ASSET MANAGEMENT LTDA,724701825.2,0.7247018252,0.0007560509800252,0.07560509800252,4.0,152,182,2026-05
gestor,MERCURY GESTAO DE RECURSOS LTDA,721867729.0799999,0.72186772908,0.0007530942865625,0.07530942865625,4.0,153,182,2026-05
gestor,NUMBER ASSET BRASIL LTDA,721761696.38,0.72176169638,0.0007529836670994,0.07529836670994,11.0,154,89,2026-05
gestor,UTILITY GESTORA DE RECURSOS LTDA,721052220.33,0.72105222033,0.0007522435005313,0.07522435005313,13.0,155,76,2026-05
gestor,IGUANA INVESTIMENTOS LTDA,704639817.18,0.7046398171799999,0.0007351211295717,0.07351211295717,26.0,156,43,2026-05
gestor,MAKENA GESTORA DE RECURSOS LTDA,701255879.4300001,0.7012558794300001,0.0007315908094273,0.07315908094272999,2.0,157,268,2026-05
gestor,VIA INVEST GESTAO DE RECURSOS LTDA,683051028.14,0.68305102814,0.000712598452598,0.0712598452598,6.0,158,153,2026-05
gestor,EXES GESTORA DE RECURSOS LTDA,676674524.71,0.67667452471,0.0007059461143539,0.07059461143539,7.0,159,141,2026-05
gestor,ANTHARUS GESTORA DE RECURSOS LTDA,674354168.17,0.6743541681699999,0.0007035253838202,0.07035253838202,7.0,160,141,2026-05
gestor,HYPERION ASSET MANAGEMENT LTDA,657073674.07,0.6570736740700001,0.0006854973700284,0.06854973700284,8.0,161,125,2026-05
gestor,JUGIS CAPITAL GESTAO DE RECURSOS LTDA,653986587.91,0.65398658791,0.0006822767426814,0.06822767426814,6.0,162,153,2026-05
gestor,BDR INVESTIMENTOS LTDA,647106025.72,0.64710602572,0.0006750985411011,0.06750985411011,7.0,163,141,2026-05
gestor,BR-CAPITAL DTVM S.A,640384800.38,0.64038480038,0.000668086568965,0.06680865689650001,1.0,164,330,2026-05
gestor,PRISMA PRIVATE CREDIT LTDA,632995138.93,0.6329951389299999,0.0006603772455066,0.06603772455066001,6.0,165,153,2026-05
gestor,TRACK CAPITAL GESTAO DE RECURSOS LTDA,631428890.24,0.63142889024,0.0006587432440237,0.06587432440237,3.0,166,224,2026-05
gestor,ARM CAPITAL LTDA,628542104.2099999,0.6285421042099999,0.0006557315813906,0.06557315813906,2.0,167,268,2026-05
gestor,FRAM CAPITAL GESTAO DE ATIVOS LTDA,613975856.57,0.6139758565700001,0.0006405352269445,0.06405352269445,9.0,168,110,2026-05
gestor,BMA CAPITAL GESTAO DE RECURSOS LTDA,606376155.84,0.60637615584,0.000632606778326,0.0632606778326,1.0,169,330,2026-05
gestor,SVN GESTORA DE RECURSOS LTDA,605822421.83,0.60582242183,0.0006320290908877,0.06320290908877,4.0,170,182,2026-05
gestor,SINAI ASSET BRASIL LTDA,601942087.03,0.60194208703,0.0006279809005474,0.06279809005474,12.0,171,81,2026-05
gestor,LUME INVESTIMENTOS LTDA,600045933.41,0.60004593341,0.0006260027231056,0.06260027231055999,1.0,172,330,2026-05
gestor,SCORE CAPITAL GESTAO DE RECURSOS LTDA,584260288.88,0.58426028888,0.0006095342230932,0.06095342230931999,5.0,173,169,2026-05
gestor,SOMA ASSET GESTAO DE INVESTIMENTOS LTDA,584193050.9,0.5841930509,0.0006094640765324,0.06094640765324,9.0,174,110,2026-05
gestor,LIFT CAPITAL GESTORA DE RECURSOS S.A,572981977.25,0.57298197725,0.0005977680342078,0.059776803420780004,8.0,175,125,2026-05
gestor,F3 ROCK GESTAO DE RECURSOS LTDA,571118161.39,0.5711181613899999,0.000595823593393,0.0595823593393,8.0,176,125,2026-05
gestor,VISION BRAZIL GESTAO DE INVESTIMENTOS E PARTICIPACOES LTDA,558821416.38,0.55882141638,0.0005829949157318,0.058299491573180005,6.0,177,153,2026-05
gestor,FIDD ADMINISTRACAO DE RECURSOS LTDA,538181710.6899999,0.53818171069,0.0005614623775599,0.05614623775599,13.0,178,76,2026-05
gestor,BOCAINA CAPITAL GESTORA DE RECURSOS LTDA,534127907.72,0.5341279077200001,0.0005572332151628,0.05572332151628,6.0,179,153,2026-05
gestor,PARAGUACU INVESTIMENTOS LTDA,532427793.84,0.5324277938399999,0.0005554595577489,0.05554595577489,14.0,180,71,2026-05
gestor,CAPITANIA CAPITAL S.A,526888718.28,0.52688871828,0.0005496808728333,0.05496808728333,3.0,181,224,2026-05
gestor,CRD CAPITAL ADMINISTRACAO DE RECURSOS LTDA,524156044.4,0.5241560444,0.0005468299889343,0.05468299889343,4.0,182,182,2026-05
gestor,LESTE FINANCIAL SERVICES GESTAO DE RECURSOS LTDA,518915839.89,0.51891583989,0.0005413631036339,0.05413631036339,9.0,183,110,2026-05
gestor,WIT GESTAO DE RECURSOS LTDA,518154809.19,0.51815480919,0.0005405691522645,0.05405691522645,11.0,184,89,2026-05
gestor,MOBIUS CAPITAL GESTAO DE RECURSOS LTDA,514420668.05,0.51442066805,0.0005366734796302,0.05366734796302,8.0,185,125,2026-05
gestor,BANCO SANTANDER (BRASIL) S.A,507114261.73,0.5071142617300001,0.0005290510127526,0.05290510127526,1.0,186,330,2026-05
gestor,WISE ASSET MANAGEMENT LTDA,499089763.65,0.49908976364999996,0.0005206793908984,0.052067939089840004,3.0,187,224,2026-05
gestor,AURUM GESTAO DE PATRIMONIO LTDA,484726303.52,0.48472630351999996,0.0005056945961453,0.05056945961453,1.0,188,330,2026-05
gestor,PRINZ GESTORA DE RECURSOS LTDA,481490149.99,0.48149014999,0.0005023184530713,0.05023184530713,1.0,189,330,2026-05
gestor,GHIA GESTAO DE RECURSOS LTDA,464291673.31,0.46429167331,0.0004843760046095,0.048437600460950005,7.0,190,141,2026-05
gestor,C20 QUADRANTE INVESTIMENTOS LTDA,458601892.84,0.45860189283999997,0.0004784400955902,0.04784400955902,8.0,191,125,2026-05
gestor,ID EXCLUSIVO GESTORA DE RECURSOS LTDA,449412717.34,0.44941271734,0.000468853414695,0.0468853414695,3.0,192,224,2026-05
gestor,HOPE ASSET GESTAO DE RECURSOS LTDA,439412172.75,0.43941217275,0.0004584202665019,0.04584202665019,4.0,193,182,2026-05
gestor,SIGULER GUFF GESTORA DE INVESTIMENTOS (ASSET MANAGEMENT) BRASIL LTDA,438087547.96,0.43808754796,0.0004570383410868,0.04570383410868,6.0,194,153,2026-05
gestor,VINLAND CAPITAL MANAGEMENT CREDITO PRIVADO GESTORA DE RECURSOS LTDA,436296725.34,0.43629672533999997,0.0004551700510538,0.045517005105379996,3.0,195,224,2026-05
gestor,KOLI CAPITAL GESTORA DE RECURSOS S.A,430455608.77,0.43045560877,0.0004490762594369,0.04490762594369,8.0,196,125,2026-05
gestor,ICON CAPITAL LTDA,420326703.03,0.42032670302999997,0.0004385091974467,0.04385091974467,8.0,197,125,2026-05
gestor,SARFATY ASSET GESTAO DE RECURSOS LTDA,419371544.0499999,0.4193715440499999,0.0004375127201952,0.04375127201952,3.0,198,224,2026-05
gestor,AZ QUEST MZK INVESTIMENTOS MACRO E CREDITO LTDA,414453455.81,0.41445345581,0.0004323818852719,0.043238188527190004,2.0,199,268,2026-05
gestor,AZUMI ASSET MANAGEMENT LTDA,413700524.74,0.41370052474,0.0004315963839063,0.04315963839063,12.0,200,81,2026-05
gestor,JOURNEY CAPITAL ADMINISTRACAO DE RECURSOS LTDA,408143640.79,0.40814364079000004,0.0004257991202453,0.04257991202453,4.0,201,182,2026-05
gestor,BPS CAPITAL GESTORA DE RECURSOS LTDA,402948619.41,0.40294861941000004,0.000420379372607,0.0420379372607,1.0,202,330,2026-05
gestor,VENETO GESTAO DE RECURSOS LTDA,398952961.09,0.39895296108999995,0.0004162108700814,0.041621087008140004,1.0,203,330,2026-05
gestor,ALARIS GESTAO DE RECURSOS LTDA,388902818.51,0.38890281850999997,0.0004057259783883,0.04057259783883,24.0,204,46,2026-05
gestor,RIO BRAVO INVESTIMENTOS LTDA,382578409.14,0.38257840913999996,0.0003991279876892,0.03991279876892,2.0,205,268,2026-05
gestor,ALBION CAPITAL LTDA,371386583.29,0.37138658329,0.0003874520257861,0.03874520257861,2.0,206,268,2026-05
gestor,ANGA INVESTIMENTOS LTDA,366920479.05999994,0.3669204790599999,0.0003827927267991,0.03827927267991,2.0,207,268,2026-05
gestor,PORTO SEGURO INVESTIMENTOS LTDA,365449474.96,0.36544947495999996,0.0003812580899971,0.03812580899971,2.0,208,268,2026-05
gestor,SZ CAPITAL LTDA,358592384.09,0.35859238409,0.0003741043750593,0.037410437505930004,7.0,209,141,2026-05
gestor,SH ASSET CAPITAL GESTAO DE RECURSOS LTDA,346732788.92,0.34673278892000003,0.0003617317574679,0.03617317574679,4.0,210,182,2026-05
gestor,CARPA GESTORA DE RECURSOS LTDA,346612801.77,0.34661280177,0.0003616065799133,0.036160657991329996,3.0,211,224,2026-05
gestor,OPTIMUM CAPITAL GESTORA DE RECURSOS LTDA,340928244.48999995,0.34092824449,0.0003556761200288,0.03556761200288,2.0,212,268,2026-05
gestor,AVENTIS GESTAO DE RECURSOS LTDA,332192940.09,0.33219294009,0.0003465629437916,0.03465629437916,10.0,213,100,2026-05
gestor,CAPRI INVESTIMENTOS LTDA,331251339.64,0.33125133964,0.0003455806115851,0.03455806115851,1.0,214,330,2026-05
gestor,INTRA BLACK INVESTIMENTOS GESTAO DE RECURSOS LTDA,322832899.09,0.32283289908999996,0.0003367980060958,0.03367980060958,19.0,215,53,2026-05
gestor,FAR FATOR ADMINISTRACAO DE RECURSOS LTDA,322005744.98,0.32200574498,0.0003359350709496,0.03359350709496,4.0,216,182,2026-05
gestor,BANUX INVESTIMENTOS LTDA,320167593.73,0.32016759373000003,0.0003340174049445,0.03340174049445,12.0,217,81,2026-05
gestor,UJAY CAPITAL INVESTIMENTOS LTDA,308217573.93,0.30821757393,0.0003215504511341,0.03215504511341,7.0,218,141,2026-05
gestor,SOD CAPITAL LTDA,307479668.17,0.30747966817,0.0003207806250434,0.032078062504340005,1.0,219,330,2026-05
gestor,CONCRETA GESTORA DE RECURSOS LTDA,304829758.54,0.30482975854,0.0003180160856106,0.03180160856106,8.0,220,125,2026-05
gestor,FIELD GESTORA DE RECURSOS LTDA,302311079.61,0.30231107961000003,0.0003153884536561,0.031538845365609997,3.0,221,224,2026-05
gestor,IF ASSET GESTAO DE RECURSOS LTDA,301815713.02,0.30181571302,0.0003148716584959,0.03148716584959,1.0,222,330,2026-05
gestor,SIMPLIX ASSET MANAGEMENT LTDA,288960862.87,0.28896086287,0.0003014607331801,0.03014607331801,3.0,223,224,2026-05
gestor,FIGTREE CAPITAL ADMINISTRACAO DE RECURSOS LTDA,287449526.71,0.28744952670999996,0.0002998840196337,0.02998840196337,8.0,224,125,2026-05
gestor,SOMMA INVESTIMENTOS S.A,283010623.08,0.28301062307999997,0.0002952530978904,0.02952530978904,8.0,225,125,2026-05
gestor,BLP CAPITAL GESTORA DE RECURSOS LTDA,270804934.3,0.2708049343,0.0002825194153701,0.028251941537009998,7.0,226,141,2026-05
gestor,MAKALU GESTORA DE RECURSOS LTDA,267596356.26,0.26759635626,0.0002791720406468,0.02791720406468,4.0,227,182,2026-05
gestor,LEGEND LEGAL ASSETS GESTAO DE RECURSOS LTDA,262832329.29,0.26283232929,0.0002742019313766,0.02742019313766,2.0,228,268,2026-05
gestor,LESTE CREDIT GESTAO DE RECURSOS LTDA,262568934.78,0.26256893478,0.0002739271429457,0.027392714294570002,8.0,229,125,2026-05
gestor,EST GESTAO DE PATRIMONIO LTDA,261420487.41,0.26142048741,0.0002727290160342,0.02727290160342,1.0,230,330,2026-05
gestor,LEEN CAPITAL LTDA,259444245.49,0.25944424549,0.0002706672858323,0.027066728583229997,3.0,231,224,2026-05
gestor,FACT INVESTMENTS GESTAO DE RECURSOS LTDA,257662456.91,0.25766245691,0.0002688084206339,0.02688084206339,1.0,232,330,2026-05
gestor,B.SIDE WEALTH MANAGEMENT CONSULTORIA E GESTAO DE RECURSOS LTDA,256604398.75,0.25660439875,0.0002677045929892,0.026770459298920003,5.0,233,169,2026-05
gestor,FRANKLIN TEMPLETON BRASIL LTDA,252685940.24,0.25268594024,0.0002636166297833,0.026361662978329998,1.0,234,330,2026-05
gestor,PATAGONIA CAPITAL GESTORA DE RECURSOS LTDA,252345670.55,0.25234567055,0.0002632616407055,0.02632616407055,12.0,235,81,2026-05
gestor,FICTOR ASSET LTDA,239730033.49,0.23973003349000002,0.0002501002763606,0.02501002763606,5.0,236,169,2026-05
gestor,ALTINVEST GESTAO E ADMINISTRACAO DE RECURSOS DE TERCEIROS LTDA,236073142.25,0.23607314225,0.0002462851953029,0.02462851953029,2.0,237,268,2026-05
gestor,SIGA GESTORA DE RECURSOS LTDA,234913909.7,0.23491390969999998,0.000245075816666,0.024507581666599998,2.0,238,268,2026-05
gestor,EAGLE CAPITAL GESTAO DE INVESTIMENTOS LTDA,234372786.69,0.23437278669,0.0002445112857544,0.02445112857544,3.0,239,224,2026-05
gestor,SPECIAL SITUATIONS NEO GESTAO DE RECURSOS LTDA,233066001.3,0.23306600130000002,0.0002431479714361,0.02431479714361,10.0,240,100,2026-05
gestor,NEXA FINANCE LTDA,226401961.61,0.22640196161,0.0002361956586871,0.023619565868710002,4.0,241,182,2026-05
gestor,VESTRA GESTORA DE RECURSOS LTDA,226236717.44,0.22623671743999998,0.000236023266384,0.0236023266384,4.0,242,182,2026-05
gestor,CERES ASSET GESTAO DE INVESTIMENTOS LTDA,221864614.74,0.22186461474000002,0.0002314620352457,0.023146203524570003,6.0,243,153,2026-05
gestor,POLO CAPITAL GESTAO DE RECURSOS LTDA,220049382.88,0.22004938288,0.0002295682800777,0.02295682800777,6.0,244,153,2026-05
gestor,MONT CAPITAL GESTAO E ADMINISTRACAO DE RECURSOS S.A,216436944.53,0.21643694453,0.0002257995748533,0.02257995748533,4.0,245,182,2026-05
gestor,ZERO CINCO UM CAPITAL GESTAO DE RECURSOS LTDA,214190995.25,0.21419099525,0.0002234564702892,0.022345647028919998,2.0,246,268,2026-05
gestor,GLOBAL ASSET GESTORA DE RECURSOS LTDA,210239460.59,0.21023946059,0.000219334000125,0.0219334000125,1.0,247,330,2026-05
gestor,TERRA GESTORA DE RECURSOS LTDA,207522095.82,0.20752209582,0.0002164990875775,0.02164990875775,6.0,248,153,2026-05
gestor,VORTX CAPITAL GESTAO DE RECURSOS LTDA,205508571.91,0.20550857191,0.0002143984626411,0.02143984626411,3.0,249,224,2026-05
gestor,VINCI MAV GESTORA DE RECURSOS LTDA,199408976.09,0.19940897609,0.0002080350104776,0.020803501047760003,2.0,250,268,2026-05
gestor,GFS ATIVOS FINANCEIROS E INVESTIMENTOS LTDA,197508880.32,0.19750888032,0.0002060527203562,0.02060527203562,8.0,251,125,2026-05
gestor,EXA CAPITAL ASSET LTDA,194220954.11,0.19422095411,0.0002026225650194,0.02026225650194,3.0,252,224,2026-05
gestor,OCTANTE GESTAO DE RECURSOS LTDA,190812265.68,0.19081226568,0.0001990664235299,0.01990664235299,3.0,253,224,2026-05
gestor,FIBRA ADMINISTRADORA DE CARTEIRA DE VALORES MOBILIARIOS LTDA,188505504.52,0.18850550452,0.0001966598764852,0.01966598764852,1.0,254,330,2026-05
gestor,URCA GESTAO DE RECURSOS LTDA,187873498.31,0.18787349831,0.0001960005309478,0.01960005309478,2.0,255,268,2026-05
gestor,D3F CAPITAL GESTORA DE RECURSOS LTDA,184195287.36,0.18419528736000002,0.0001921632079319,0.01921632079319,3.0,256,224,2026-05
gestor,ITAIMSA GESTAO DE INVESTIMENTOS LTDA,183452613.69,0.18345261369,0.0001913884076809,0.01913884076809,11.0,257,89,2026-05
gestor,UNAVANTI INVESTIMENTOS LTDA,182736595.75,0.18273659575,0.0001906414162336,0.01906414162336,1.0,258,330,2026-05
gestor,STRATEGI CAPITAL GESTAO DE RECURSOS LTDA,182036404.75,0.18203640475,0.0001899109363682,0.01899109363682,4.0,259,182,2026-05
gestor,RIO DAS PEDRAS ADMINISTRACAO E PARTICIPACOES LTDA,177175851.75,0.17717585175,0.0001848401255446,0.01848401255446,3.0,260,224,2026-05
gestor,DIRETA CAPITAL LTDA,177157179.64999998,0.17715717964999997,0.0001848206457268,0.01848206457268,2.0,261,268,2026-05
gestor,VGR - VERONA GESTORA DE RECURSOS LTDA,175742796.73,0.17574279672999998,0.0001833450794241,0.018334507942409997,5.0,262,169,2026-05
gestor,BOCOM BBM CCVM S.A,169112782.47,0.16911278247,0.0001764282639773,0.01764282639773,1.0,263,330,2026-05
gestor,MEL GESTORA DE RECURSOS LTDA,161827873.73,0.16182787373,0.0001688282246221,0.016882822462209998,1.0,264,330,2026-05
gestor,HCAM LTDA,157176479.3,0.1571764793,0.0001639756201509,0.01639756201509,3.0,265,224,2026-05
gestor,XP ALLOCATION ASSET MANAGEMENT LTDA,155991373.51,0.15599137351,0.0001627392490493,0.01627392490493,1.0,266,330,2026-05
gestor,AZ QUEST INFRA LTDA,155906021.3,0.1559060213,0.000162650204673,0.016265020467300002,1.0,267,330,2026-05
gestor,BENAVENT ASSET LTDA,154417173.0,0.154417173,0.0001610969517665,0.01610969517665,5.0,268,169,2026-05
gestor,REACH CAPITAL INVESTIMENTOS S.A,153670166.85,0.15367016684999998,0.0001603176316211,0.01603176316211,1.0,269,330,2026-05
gestor,CUPERTINO CAPITAL GESTAO DE RECURSOS LTDA,153495058.16,0.15349505816,0.0001601349480786,0.01601349480786,4.0,270,182,2026-05
gestor,LAPLACE INVESTIMENTOS E GESTAO DE RECURSOS LTDA,152722041.04,0.15272204103999998,0.0001593284917805,0.01593284917805,3.0,271,224,2026-05
gestor,GRAO GESTAO DE RECURSOS LTDA,150384405.51,0.15038440550999999,0.0001568897348022,0.01568897348022,1.0,272,330,2026-05
gestor,ELLO GESTORA DE RECURSOS LTDA,149921880.93,0.14992188093,0.0001564072023319,0.01564072023319,3.0,273,224,2026-05
gestor,LEXIS CAPITAL GESTAO DE RECURSOS LTDA,147235588.51,0.14723558851,0.0001536047062622,0.01536047062622,2.0,274,268,2026-05
gestor,BLUEWAVE ASSET LTDA,145975850.75,0.14597585075,0.0001522904747605,0.01522904747605,9.0,275,110,2026-05
gestor,MAZA INVESTIMENTOS E CORRETORA DE SEGUROS LTDA,145376385.19,0.14537638518999998,0.0001516650775166,0.01516650775166,2.0,276,268,2026-05
gestor,MAUA CAPITAL INVESTIMENTOS ALTERNATIVOS LTDA,142561555.46,0.14256155546000002,0.0001487284838695,0.01487284838695,1.0,277,330,2026-05
gestor,PLANNER CORRETORA DE VALORES S.A,140627122.05,0.14062712205000003,0.0001467103707303,0.014671037073030002,2.0,278,268,2026-05
gestor,STRIVO GESTORA DE RECURSOS LTDA,137185579.82,0.13718557982,0.000143119954251,0.014311995425100001,4.0,279,182,2026-05
gestor,BERTHA CAPITAL GESTORA DE RECURSOS S.A,134271217.95,0.13427121795,0.000140079522902,0.0140079522902,5.0,280,169,2026-05
gestor,BW GESTAO DE INVESTIMENTOS LTDA,133561119.55,0.13356111955,0.0001393387070622,0.01393387070622,1.0,281,330,2026-05
gestor,BRM CARBYNE GESTAO DE RECURSOS LTDA,131826281.46,0.13182628146,0.0001375288233383,0.013752882333830001,1.0,282,330,2026-05
gestor,MONTE BRAVO GESTAO PATRIMONIAL LTDA,130598812.67,0.13059881267,0.0001362482566979,0.01362482566979,1.0,283,330,2026-05
gestor,REAL CAPITAL PARTNERS LTDA,129480135.94,0.12948013594,0.0001350811882448,0.01350811882448,2.0,284,268,2026-05
gestor,ARANDU LEGAL CLAIMS GESTAO DE ATIVOS LTDA,127990721.64,0.12799072164,0.0001335273448543,0.01335273448543,6.0,285,153,2026-05
gestor,EVEREST CAPITAL OFFICE LTDA,124037746.43,0.12403774643000001,0.0001294033718248,0.01294033718248,4.0,286,182,2026-05
gestor,RIZA AGRONEGOCIO GESTORA DE RECURSOS LTDA,119012373.82,0.11901237381999999,0.0001241606116238,0.012416061162380001,1.0,287,330,2026-05
gestor,SWM GESTAO DE RECURSOS LTDA,119005511.75,0.11900551175,0.0001241534527143,0.01241534527143,1.0,288,330,2026-05
gestor,NAO INFORMADO,118310691.9,0.1183106919,0.0001234285763441,0.012342857634409999,33.0,289,30,2026-05
gestor,INDIE CAPITAL INVESTIMENTOS LTDA,117547776.37,0.11754777637000001,0.0001226326586107,0.01226326586107,2.0,290,268,2026-05
gestor,CAPITANIA ALTERNATIVES S/A,116495463.79,0.11649546379,0.0001215348250884,0.01215348250884,2.0,291,268,2026-05
gestor,HSI GESTORA DE ATIVOS FINANCEIROS LTDA,115974957.46,0.11597495746,0.0001209918026932,0.01209918026932,1.0,292,330,2026-05
gestor,GRIF CAPITAL GESTORA DE RECURSOS LTDA,114832627.46,0.11483262745999999,0.0001198000577769,0.011980005777690001,2.0,293,268,2026-05
gestor,ITAUNA CAPITAL LTDA,111921863.03,0.11192186303,0.000116763379486,0.0116763379486,4.0,294,182,2026-05
gestor,GCB CAPITAL GESTAO DE RECURSOS DE VALORES MOBILIARIOS LTDA,111694977.92,0.11169497792000001,0.0001165266797789,0.01165266797789,2.0,295,268,2026-05
gestor,AVVERO ASSET GESTAO DE RECURSOS LTDA,111125436.48,0.11112543648,0.0001159325011127,0.01159325011127,3.0,296,224,2026-05
gestor,4I CAPITAL LTDA,108692234.82,0.10869223482,0.0001133940440043,0.01133940440043,2.0,297,268,2026-05
gestor,KUARA CAPITAL GESTORA DE RECURSOS LTDA,107811838.99,0.10781183898999999,0.0001124755640076,0.01124755640076,5.0,298,169,2026-05
gestor,VINCI CG GESTORA DE RECURSOS LTDA,106987897.62,0.10698789762000001,0.0001116159805781,0.01116159805781,1.0,299,330,2026-05
gestor,MAINU INVESTIMENTOS LTDA,105818464.96,0.10581846496,0.0001103959605948,0.01103959605948,2.0,300,268,2026-05
gestor,POLO CAPITAL INTERNACIONAL GESTAO DE RECURSOS LTDA,103145568.62,0.10314556862,0.0001076074400928,0.01076074400928,2.0,301,268,2026-05
gestor,MRB CAPITAL GESTORA DE RECURSOS LTDA,101329095.86,0.10132909586,0.000105712390346,0.0105712390346,2.0,302,268,2026-05
gestor,APEX ASSET MANAGEMENT LTDA,99735337.93,0.09973533793,0.0001040496896283,0.01040496896283,3.0,303,224,2026-05
gestor,ATIVA ASSET LTDA,98331024.34,0.09833102434,0.0001025846282346,0.01025846282346,4.0,304,182,2026-05
gestor,BRASFOR CAPITAL GESTAO DE RECURSOS LTDA,98324725.69,0.09832472569,0.0001025780571176,0.01025780571176,1.0,305,330,2026-05
gestor,BRAX INVESTIMENTOS LTDA,98245710.23,0.09824571023,0.0001024956236065,0.01024956236065,2.0,306,268,2026-05
gestor,CPV CAPITAL GESTAO DE RECURSOS LTDA,97904939.77,0.09790493976999999,0.0001021401120964,0.01021401120964,3.0,307,224,2026-05
gestor,PORTO SEGURO GESTORA DE RECURSOS LTDA,97463720.39,0.09746372039,0.0001016798064465,0.01016798064465,2.0,308,268,2026-05
gestor,LAKEWOOD GESTAO DE RECURSOS LTDA,95142495.54,0.09514249554000001,9.925817004147094e-05,0.009925817004147094,1.0,309,330,2026-05
gestor,AROEIRA ASSET GESTAO DE RECURSOS LTDA,94492740.73,0.09449274073000001,9.858030813496743e-05,0.009858030813496742,1.0,310,330,2026-05
gestor,MONETIZA INVESTIMENTOS LTDA,91732700.25,0.09173270025,9.570087381142686e-05,0.009570087381142685,4.0,311,182,2026-05
gestor,VINCI CAPITAL GESTORA DE RECURSOS LTDA,88945866.97,0.08894586697,9.279348768482296e-05,0.009279348768482297,1.0,312,330,2026-05
gestor,CHESS CAPITAL LTDA,88301273.54,0.08830127354,9.21210104293188e-05,0.009212101042931879,1.0,313,330,2026-05
gestor,HCS GROUP S.A,86485721.42999999,0.08648572143,9.02269211579504e-05,0.00902269211579504,2.0,314,268,2026-05
gestor,SOMACRED ASSET LTDA,85560666.69,0.08556066669,8.926185039583247e-05,0.008926185039583248,3.0,315,224,2026-05
gestor,CITRINO GESTAO DE RECURSOS LTDA,85172361.57,0.08517236157,8.885674797119898e-05,0.008885674797119898,2.0,316,268,2026-05
gestor,HINOV CAPITAL GESTAO DE RECURSOS LTDA,85115564.14,0.08511556414,8.879749359771572e-05,0.008879749359771571,4.0,317,182,2026-05
gestor,MOSAICO GESTORA DE RECURSOS LTDA,82003562.39,0.08200356239,8.555087286196898e-05,0.008555087286196897,7.0,318,141,2026-05
gestor,BRAINVEST ASSESSORIA FINANCEIRA E GESTAO DE RECURSOS LTDA,80088861.72,0.08008886172,8.35533460617446e-05,0.00835533460617446,2.0,319,268,2026-05
gestor,ALAMEDA CAPITAL GESTORA DE INVESTIMENTOS LTDA,79282673.65,0.07928267365000001,8.271228390457402e-05,0.008271228390457403,4.0,320,182,2026-05
gestor,EMPIRICUS ASSET MANAGEMENT LTDA,78820739.73,0.07882073973,8.223036764497783e-05,0.008223036764497784,1.0,321,330,2026-05
gestor,MEZZUS CAPITAL LTDA,77882390.71,0.07788239071,8.125142751883567e-05,0.008125142751883566,1.0,322,330,2026-05
gestor,CAPITANIA INVEST S/A,76304762.42,0.07630476242,7.960555417714663e-05,0.007960555417714663,2.0,323,268,2026-05
gestor,EVOLVE CAPITAL GESTAO DE RECURSOS LTDA,76144373.1,0.0761443731,7.943822673521819e-05,0.007943822673521818,1.0,324,330,2026-05
gestor,HUMU ASSET GESTORA DE RECURSOS LTDA,75086074.45,0.07508607445,7.833414819744013e-05,0.007833414819744013,4.0,325,182,2026-05
gestor,NAVORA - GESTAO DE RECURSOS S.A,72907655.67,0.07290765567,7.606149536802315e-05,0.007606149536802315,2.0,326,268,2026-05
gestor,POSITIVA INVESTIMENTOS LTDA,72744112.69,0.07274411269,7.589087784505619e-05,0.007589087784505619,5.0,327,169,2026-05
gestor,ALB ASSET LTDA,72143240.99,0.07214324099,7.52640136343457e-05,0.00752640136343457,1.0,328,330,2026-05
gestor,VEGA ASSET MANAGEMENT LTDA,71174153.27,0.07117415327,7.425300511338021e-05,0.0074253005113380215,1.0,329,330,2026-05
gestor,STONEX INVESTIMENTOS LTDA,70252340.58,0.07025234058,7.329131664587582e-05,0.007329131664587582,1.0,330,330,2026-05
gestor,SONAR SERVICOS DE INVESTIMENTO LTDA,67968146.3,0.06796814629999999,7.090831267940245e-05,0.007090831267940245,1.0,331,330,2026-05
gestor,ARANDU WM GESTORA DE PATRIMONIO LTDA,67270797.26,0.06727079726,7.018079771148283e-05,0.007018079771148283,4.0,332,182,2026-05
gestor,XVI CAPITAL LTDA,67242429.73,0.06724242973,7.015120305874206e-05,0.007015120305874206,3.0,333,224,2026-05
gestor,DEL MONTE - GESTAO DE INVESTIMENTOS LTDA,66930748.59,0.06693074859,6.982603921458124e-05,0.006982603921458124,1.0,334,330,2026-05
gestor,RJ GESTAO DE RECURSOS LTDA,65877953.45999999,0.06587795346,6.872770226809617e-05,0.0068727702268096165,5.0,335,169,2026-05
gestor,PERENNE INVESTIMENTOS LTDA,65828730.49,0.06582873049,6.867635001063776e-05,0.006867635001063776,2.0,336,268,2026-05
gestor,BUILDERS VC GESTORA DE RECURSOS LTDA,64068017.26,0.06406801726,6.683947183978788e-05,0.006683947183978788,2.0,337,268,2026-05
gestor,KIJANI GESTORA DE RECURSOS LTDA,63727843.25,0.06372784325,6.648458258092802e-05,0.006648458258092802,1.0,338,330,2026-05
gestor,GRAPHEN INVESTIMENTOS LTDA,63526105.53,0.06352610553,6.627411808972577e-05,0.006627411808972576,4.0,339,182,2026-05
gestor,PRX CAPITAL LTDA,63354903.05,0.06335490305,6.609550973207324e-05,0.006609550973207324,3.0,340,224,2026-05
gestor,LATINOAMERICANA DE INVESTIMENTOS E CAPITAL LTDA,62981448.75,0.06298144875,6.570590054427836e-05,0.006570590054427836,1.0,341,330,2026-05
gestor,BLUE ASSET GESTAO DE RECURSOS LTDA,62535085.35,0.06253508535,6.52402283543066e-05,0.00652402283543066,1.0,342,330,2026-05
gestor,JAZZ CAPITAL LTDA,62156218.21,0.06215621821,6.484497217785457e-05,0.006484497217785457,2.0,343,268,2026-05
gestor,3J GESTORA DE RECURSOS LTDA. - ME,61010826.25,0.06101082625,6.365003284727945e-05,0.006365003284727945,3.0,344,224,2026-05
gestor,ABSOLUTE DHAMA GESTAO DE INVESTIMENTOS LTDA,60349961.64,0.06034996164,6.296058055299742e-05,0.006296058055299742,3.0,345,224,2026-05
gestor,OBY CAPITAL GESTORA DE RECURSOS LTDA,59037193.74,0.05903719374,6.159102493325438e-05,0.006159102493325438,1.0,346,330,2026-05
gestor,NEST INTERNATIONAL ADMINISTRADORA DE CARTEIRA DE VALORES MOBILIARIOS LTDA,58962037.559999995,0.05896203755999999,6.151261764688073e-05,0.006151261764688073,2.0,347,268,2026-05
gestor,SETE ASSET MANAGEMENT LTDA,56276148.17,0.056276148170000005,5.871054204152603e-05,0.0058710542041526025,3.0,348,224,2026-05
gestor,HECTARE CAPITAL GESTORA DE RECURSOS LTDA,53118459.34,0.05311845934,5.5416257893866465e-05,0.005541625789386647,1.0,349,330,2026-05
gestor,TAG CAPITAL LTDA,51447025.99,0.05144702599,5.367252167246857e-05,0.005367252167246857,1.0,350,330,2026-05
gestor,CORCOVADO INVESTIMENTOS GESTAO DE RECURSOS LTDA,50372161.15,0.05037216115,5.255116032436872e-05,0.005255116032436872,1.0,351,330,2026-05
gestor,ARANDU SPECIAL SITUATIONS GESTAO DE RECURSOS LTDA,50201402.36,0.05020140236,5.237301484986022e-05,0.0052373014849860225,4.0,352,182,2026-05
gestor,MAUD CAPITAL GESTORA DE ATIVOS LTDA,49957068.5,0.0499570685,5.2118111594641607e-05,0.005211811159464161,3.0,353,224,2026-05
gestor,LORINVEST GESTAO DE RECURSOS LTDA,48807381.21,0.04880738121,5.091869112666196e-05,0.0050918691126661956,1.0,354,330,2026-05
gestor,NEVES ASSET MANAGEMENT LTDA,48277805.75,0.04827780575,5.036620728902318e-05,0.005036620728902318,1.0,355,330,2026-05
gestor,ONZE GESTORA DE INVESTIMENTOS LTDA,48093819.25,0.04809381925,5.01742619001758e-05,0.00501742619001758,2.0,356,268,2026-05
gestor,AGG INVESTIMENTOS LTDA,47167722.96,0.04716772296,4.920810453268328e-05,0.004920810453268328,3.0,357,224,2026-05
gestor,PROPRIO CAPITAL GESTAO DE RECURSOS LTDA,46647257.95,0.04664725795,4.866512524493172e-05,0.004866512524493172,1.0,358,330,2026-05
gestor,AXOR ASSET,46527520.38,0.04652752038,4.854020806658825e-05,0.004854020806658825,1.0,359,330,2026-05
gestor,KOMATU GESTORA DE RECURSOS LTDA,45969692.45,0.04596969245,4.7958249613474696e-05,0.004795824961347469,1.0,360,330,2026-05
gestor,IBBRA GESTAO DE RECURSOS LTDA,43320850.55,0.04332085055,4.5194824098609606e-05,0.00451948240986096,1.0,361,330,2026-05
gestor,AF INVEST ADMINISTRACAO DE RECURSOS LTDA,43143014.66,0.04314301466,4.5009295382877374e-05,0.004500929538287737,5.0,362,169,2026-05
gestor,PRIVATTO ADMINISTRACAO DE PATRIMONIO LTDA,42135795.97,0.04213579597,4.3958506422239526e-05,0.004395850642223953,2.0,363,268,2026-05
gestor,B6 GESTORA DE RECURSOS LTDA,41201369.7,0.041201369700000004,4.298365873643457e-05,0.004298365873643457,4.0,364,182,2026-05
gestor,A5 GESTAO DE INVESTIMENTOS LTDA,40844097.92,0.04084409792,4.261093209216288e-05,0.004261093209216288,1.0,365,330,2026-05
gestor,LEGATUS CAPITAL GESTORA DE RECURSOS LTDA,40448303.62,0.04044830362,4.219801652054715e-05,0.0042198016520547145,7.0,366,141,2026-05
gestor,PLURAL GESTAO DE RECURSOS LTDA,40314977.89,0.04031497789,4.2058923385517086e-05,0.0042058923385517085,4.0,367,182,2026-05
gestor,AWARE GESTAO DE RECURSOS LTDA,39891540.35,0.039891540350000004,4.161716878250069e-05,0.004161716878250069,1.0,368,330,2026-05
gestor,LUCAS ESPERANCA NAPOLITANO,38424092.17,0.03842409217,4.0086241722507294e-05,0.00400862417225073,1.0,369,330,2026-05
gestor,NIKOS GESTAO DE RECURSOS LTDA,38350887.01,0.03835088701,4.0009869853365616e-05,0.004000986985336561,1.0,370,330,2026-05
gestor,HIKE CAPITAL GESTORA DE RECURSOS LTDA,37380793.57,0.03738079357,3.8997812106959825e-05,0.0038997812106959825,1.0,371,330,2026-05
gestor,STEN GESTAO PATRIMONIAL LTDA,36525493.84,0.036525493840000006,3.810551381737931e-05,0.0038105513817379313,1.0,372,330,2026-05
gestor,SQUALO CAPITAL GESTORA DE RECURSOS LTDA,36076534.47,0.03607653447,3.763713336092558e-05,0.003763713336092558,3.0,373,224,2026-05
gestor,DEZESSEIS DEZOITO GESTAO DE RECURSOS LTDA,35956789.489999995,0.035956789489999995,3.75122084520403e-05,0.00375122084520403,2.0,374,268,2026-05
gestor,GAMA INVESTIMENTOS LTDA,35655669.43,0.03565566943,3.719806253912579e-05,0.0037198062539125793,1.0,375,330,2026-05
gestor,SENECA ASSET MANAGEMENT LTDA,35462328.48,0.03546232848,3.6996358045438095e-05,0.0036996358045438093,1.0,376,330,2026-05
gestor,GERIBA INVESTIMENTOS LTDA,35173655.370000005,0.03517365537000001,3.669519751274287e-05,0.003669519751274287,3.0,377,224,2026-05
gestor,HSO CAPITAL GESTORA DE RECURSOS LTDA,33903828.91,0.033903828909999996,3.537044089400514e-05,0.003537044089400514,2.0,378,268,2026-05
gestor,VECTIS CAPITAL SOLUTIONS LTDA,33402143.74,0.03340214374,3.484705382465705e-05,0.003484705382465705,2.0,379,268,2026-05
gestor,EKHO INVESTIMENTOS LTDA,33315546.58,0.03331554658,3.475671064431894e-05,0.0034756710644318943,1.0,380,330,2026-05
gestor,VIZ GESTORA DE RECURSOS LTDA,31933433.380000003,0.03193343338,3.331480998527553e-05,0.0033314809985275527,7.0,381,141,2026-05
gestor,CATALUNYA GESTAO DE RECURSOS LTDA,31607068.36,0.03160706836,3.297432706576739e-05,0.0032974327065767393,1.0,382,330,2026-05
gestor,VALORA IMOBILIARIO E INFRAESTRUTURA LTDA,31572893.49,0.03157289349,3.29386738590867e-05,0.00329386738590867,1.0,383,330,2026-05
gestor,HEADINVEST ASSET MANAGEMENT LTDA,31523301.82,0.03152330182,3.288693695240202e-05,0.003288693695240202,3.0,384,224,2026-05
gestor,EXANTE ASSET MANAGEMENT LTDA,31357233.13,0.03135723313,3.271368446226049e-05,0.0032713684462260485,1.0,385,330,2026-05
gestor,INVESTCOOP ASSET MANAGEMENT LTDA,31204912.36,0.03120491236,3.2554774599704366e-05,0.0032554774599704364,1.0,386,330,2026-05
gestor,LEGEND WM GESTAO DE RECURSOS LTDA,29320441.55,0.02932044155,3.05887853429003e-05,0.0030588785342900303,1.0,387,330,2026-05
gestor,ATF GESTORA DE RECURSOS LTDA,28011599.37,0.02801159937,2.9223325261970736e-05,0.0029223325261970735,2.0,388,268,2026-05
gestor,STARBOARD ASSET LTDA,27679573.9,0.027679573899999997,2.887693703269096e-05,0.002887693703269096,1.0,389,330,2026-05
gestor,HORIZONTE CAPITAL GESTAO DE INVESTIMENTOS LTDA,27530820.57,0.02753082057,2.872174893047046e-05,0.002872174893047046,2.0,390,268,2026-05
gestor,QUARTZO INVEST LTDA,27462542.7,0.0274625427,2.8650517496061846e-05,0.002865051749606185,3.0,391,224,2026-05
gestor,W CAPITAL MANAGEMENT GESTORA DE RECURSOS LTDA,26793880.34,0.02679388034,2.795293013667513e-05,0.0027952930136675128,3.0,392,224,2026-05
gestor,FUNDO GARANTIDOR DE CREDITO - FGG,26743602.28,0.02674360228,2.790047714812873e-05,0.002790047714812873,1.0,393,330,2026-05
gestor,TG CORE ASSET LTDA,26056408.99,0.02605640899,2.7183557247688437e-05,0.0027183557247688435,1.0,394,330,2026-05
gestor,QLZ GESTAO DE RECURSOS FINANCEIROS LTDA,25755110.5,0.0257551105,2.686922518624818e-05,0.002686922518624818,2.0,395,268,2026-05
gestor,SHORE CAPITAL GESTAO DE RECURSOS LTDA,25425750.36,0.02542575036,2.652561758382558e-05,0.002652561758382558,1.0,396,330,2026-05
gestor,MONTE BRAVO ASSET MANAGEMENT LTDA,24834568.66,0.02483456866,2.590886254317883e-05,0.002590886254317883,1.0,397,330,2026-05
gestor,MOKA GESTORA DE RECURSOS DE TERCEIROS LTDA,24405854.1,0.024405854100000002,2.5461602646807456e-05,0.0025461602646807456,3.0,398,224,2026-05
gestor,RB INVESTIMENTOS GESTAO DE RECURSOS LTDA,22431466.65,0.02243146665,2.3401807135584455e-05,0.0023401807135584453,1.0,399,330,2026-05
gestor,NERO CAPITAL GESTAO DE RECURSOS LTDA,22307624.0,0.022307624,2.3272607299671824e-05,0.0023272607299671825,1.0,400,330,2026-05
gestor,4UM GESTAO DE RECURSOS LTDA,20291127.41,0.020291127410000002,2.1168881091080654e-05,0.0021168881091080654,1.0,401,330,2026-05
gestor,CLUBE DO VALOR ADMINISTRACAO DE CARTEIRAS DE VALORES MOBILIARIOS LTDA,20180828.05,0.020180828050000002,2.1053810400867967e-05,0.0021053810400867966,1.0,402,330,2026-05
gestor,FLB ASSET LTDA,19119850.39,0.019119850390000002,1.9946936964463232e-05,0.0019946936964463234,1.0,403,330,2026-05
gestor,H2 ASSET MANAGEMENT LTDA,18749749.06,0.018749749059999998,1.9560825789459738e-05,0.0019560825789459737,1.0,404,330,2026-05
gestor,PONTA SUL INVESTIMENTOS LTDA,18312916.03,0.01831291603,1.910509623427646e-05,0.0019105096234276458,1.0,405,330,2026-05
gestor,TORI 21 CONSULTORIA E INVESTIMENTOS LTDA,18157014.58,0.01815701458,1.8942450798648735e-05,0.0018942450798648735,1.0,406,330,2026-05
gestor,AMARY CAPITAL GESTAO DE RECUSRSOS LTDA,16757175.59,0.01675717559,1.7482057567301498e-05,0.0017482057567301498,1.0,407,330,2026-05
gestor,VBR CAPITAL LTDA,16707884.89,0.01670788489,1.743063464997844e-05,0.0017430634649978438,1.0,408,330,2026-05
gestor,URBANO ADMINISTRACAO DE RECURSOS LTDA,15438636.33,0.01543863633,1.6106480930041523e-05,0.0016106480930041522,1.0,409,330,2026-05
gestor,SPRINGS CAPITAL LTDA,15328311.72,0.015328311720000001,1.5991383897564223e-05,0.0015991383897564224,1.0,410,330,2026-05
gestor,TUERI GESTORA DE RECURSOS LTDA,14989384.75,0.01498938475,1.56377956231663e-05,0.00156377956231663,2.0,411,268,2026-05
gestor,ERFOLG GESTORA DE RECURSOS S/A,14028800.04,0.014028800039999999,1.4635657935445764e-05,0.0014635657935445764,3.0,412,224,2026-05
gestor,LITUS GESTAO DE RECURSOS LTDA,13428930.91,0.01342893091,1.4009839663912868e-05,0.0014009839663912868,1.0,413,330,2026-05
gestor,CFG ASSET MANAGEMENT GESTORA DE RECURSOS LTDA,13031300.22,0.01303130022,1.3595008263730242e-05,0.001359500826373024,1.0,414,330,2026-05
gestor,FYTO CAPITAL ADMINISTRADORA DE RECURSOS LTDA,12899086.23,0.01289908623,1.3457074960354106e-05,0.0013457074960354107,1.0,415,330,2026-05
gestor,AAM GESTORA DE RECURSOS DE TERCEIROS LTDA,12360048.75,0.01236004875,1.2894719794611456e-05,0.0012894719794611456,1.0,416,330,2026-05
gestor,THERAS CAPITAL GESTAO DE INVESTIMENTOS LTDA,12359399.88,0.01235939988,1.2894042855790067e-05,0.0012894042855790067,1.0,417,330,2026-05
gestor,U.V. GESTORA DE ATIVOS FINANCEIROS LTDA,11968798.46,0.011968798460000001,1.2486544797800828e-05,0.0012486544797800827,1.0,418,330,2026-05
gestor,GUSTAVO HENRIQUE FONSECA DE OLIVEIRA,11645965.13,0.011645965130000002,1.2149746342154662e-05,0.0012149746342154661,2.0,419,268,2026-05
gestor,HIGH GESTAO E INVESTIMENTOS LTDA,11190799.21,0.011190799210000001,1.1674890852733023e-05,0.0011674890852733024,1.0,420,330,2026-05
gestor,MONGERAL AEGON GESTAO DE FUNDOS IMOBILIARIOS LTDA,10589161.66,0.01058916166,1.1047227662879786e-05,0.0011047227662879786,1.0,421,330,2026-05
gestor,RIZA DIRECT LENDING GESTORA DE RECURSOS LTDA,10510000.0,0.01051,1.0964641627434228e-05,0.0010964641627434228,1.0,422,330,2026-05
gestor,MAUA CAPITAL REAL ESTATE LTDA,9574734.01,0.00957473401,9.988917897017722e-06,0.000998891789701772,1.0,423,330,2026-05
gestor,CAPSICUM ASSETS GESTAO DE RECURSOS LTDA,9547915.3,0.009547915300000001,9.960939063139504e-06,0.0009960939063139505,1.0,424,330,2026-05
gestor,VINCI SOLUCOES DE INVESTIMENTOS LTDA,9509697.81,0.00950969781,9.921068360784598e-06,0.00099210683607846,1.0,425,330,2026-05
gestor,ALTAVISTA CAPITAL LTDA,9052641.81,0.009052641810000001,9.444241030273792e-06,0.0009444241030273792,4.0,426,182,2026-05
gestor,FAMA RE.CAPITAL LTDA,8613875.54,0.00861387554,8.98649460698587e-06,0.000898649460698587,1.0,427,330,2026-05
gestor,NOVUS CREDITO GESTAO DE RECURSOS LTDA,8293387.14,0.00829338714,8.652142518332227e-06,0.0008652142518332227,1.0,428,330,2026-05
gestor,PARAMIS BR INVESTIMENTOS LTDA,7519081.82,0.007519081820000001,7.844342295305035e-06,0.0007844342295305035,3.0,429,224,2026-05
gestor,FORTIS GESTORA DE RECURSOS LTDA,7019708.49,0.00701970849,7.323367071542101e-06,0.0007323367071542101,3.0,430,224,2026-05
gestor,SKADE CAPITAL GESTAO DE INVESTMENTOS LTDA,6961865.62,0.00696186562,7.263022034410581e-06,0.0007263022034410581,2.0,431,268,2026-05
gestor,V-CAPITAL GESTAO DE RECURSOS E INVESTIMENTOS LTDA,6300390.1,0.0063003901,6.572932403381018e-06,0.0006572932403381018,1.0,432,330,2026-05
gestor,LCP GESTORA DE RECURSOS LTDA,6135746.41,0.00613574641,6.401166555895921e-06,0.0006401166555895921,1.0,433,330,2026-05
gestor,RX ASSET LTDA,5902232.09,0.00590223209,6.157550872387453e-06,0.0006157550872387453,2.0,434,268,2026-05
gestor,FEATBANK ASSET MANAGEMENT LTDA,5676141.48,0.005676141480000001,5.92168003375967e-06,0.000592168003375967,1.0,435,330,2026-05
gestor,DOT. INVESTIMENTOS LTDA,5662060.63,0.00566206063,5.9069900742868195e-06,0.000590699007428682,1.0,436,330,2026-05
gestor,ROCHA OPCOES DE INVESTIMENTOS LTDA,5476358.2,0.0054763582,5.713254527731759e-06,0.000571325452773176,1.0,437,330,2026-05
gestor,SASTRE GESTAO DE PATRIMONIO LTDA,5472962.12,0.00547296212,5.709711540087791e-06,0.0005709711540087791,1.0,438,330,2026-05
gestor,NAIA CAPITAL GESTAO E CONSULTORIA FINANCEIRA LTDA,5456648.07,0.00545664807,5.692691776839263e-06,0.0005692691776839262,1.0,439,330,2026-05
gestor,FLORIDA INVESTIMENTOS E GESTAO DE RECURSOS LTDA,5432430.29,0.00543243029,5.667426384002722e-06,0.0005667426384002722,1.0,440,330,2026-05
gestor,XMS S/A,5311876.9,0.0053118769,5.541658094914014e-06,0.0005541658094914014,1.0,441,330,2026-05
gestor,OIKOS GESTAO DE RECURSOS LTDA,5294525.17,0.00529452517,5.523555763699362e-06,0.0005523555763699362,1.0,442,330,2026-05
gestor,PORTO REAL INVESTIMENTOS LTDA,5164615.74,0.0051646157400000005,5.388026710990108e-06,0.0005388026710990108,1.0,443,330,2026-05
gestor,ETTI PARTNERS - GESTAO DE RECURSOS DE TERCEIROS LTDA,4685859.29,0.00468585929,4.888560212315262e-06,0.0004888560212315262,1.0,444,330,2026-05
gestor,OUTFIELD VENTURES S.A,4014348.59,0.004014348589999999,4.188001299423968e-06,0.0004188001299423968,1.0,445,330,2026-05
gestor,AWR GESTAO DE RECURSOS LTDA,3808327.44,0.0038083274399999998,3.973068085587444e-06,0.00039730680855874437,1.0,446,330,2026-05
gestor,MARIN GESTORA DE RECURSOS S.A,3784822.36,0.00378482236,3.948546222730719e-06,0.00039485462227307187,1.0,447,330,2026-05
gestor,MAJORS ASSET GESTAO DE RECURSOS UNIPESSOAL LTDA,3644975.15,0.00364497515,3.8026495014893743e-06,0.00038026495014893745,1.0,448,330,2026-05
gestor,AUSTER CAPITAL GESTAO DE RECURSOS LTDA,3440073.98,0.00344007398,3.5888847157527444e-06,0.00035888847157527446,1.0,449,330,2026-05
gestor,ACTUM CAPITAL GESTAO DE RECURSOS LTDA,3403391.85,0.00340339185,3.55061579000765e-06,0.00035506157900076497,1.0,450,330,2026-05
gestor,MERITO DISTRIBUIDORA DE TITULOS E VALORES MOBILIARIOS LTDA,3199595.12,0.00319959512,3.3380032201415243e-06,0.0003338003220141524,1.0,451,330,2026-05
gestor,ITER GESTORA DE RECURSOS LTDA,3018031.71,0.0030180317099999998,3.1485857393323036e-06,0.00031485857393323037,1.0,452,330,2026-05
gestor,CEDRO ASSET MANAGEMENT LTDA,2812903.33,0.0028129033300000003,2.9345839149444685e-06,0.00029345839149444685,1.0,453,330,2026-05
gestor,PLANALTO CAPITAL GESTAO DE RECURSOS LTDA,2735047.3000000003,0.0027350473,2.853359988447345e-06,0.0002853359988447345,2.0,454,268,2026-05
gestor,BNY MELLON SERVICOS FINANCEIROS DTVM S.A,2452556.31,0.00245255631,2.558649001926973e-06,0.0002558649001926973,1.0,455,330,2026-05
gestor,FRONTEIRA - GESTAO DE INVESTIMENTOS LTDA,2083377.6,0.0020833776,2.1735003576235983e-06,0.00021735003576235984,1.0,456,330,2026-05
gestor,ARK GESTORA DE RECURSOS LTDA,2066171.2,0.0020661712,2.1555496430947416e-06,0.00021555496430947417,1.0,457,330,2026-05
gestor,PATRIA VBI SECURITIES LTDA,1841163.96,0.00184116396,1.920809038891308e-06,0.0001920809038891308,1.0,458,330,2026-05
gestor,HALTIN CAPITAL GESTAO DE RECURSOS LTDA,1644162.52,0.00164416252,1.715285709710672e-06,0.0001715285709710672,1.0,459,330,2026-05
gestor,QR ASSET GESTORA DE RECURSOS LTDA,1626200.83,0.00162620083,1.6965470328435865e-06,0.00016965470328435866,1.0,460,330,2026-05
gestor,ETRNTY CAPITAL GESTORA DE RECURSOS LTDA,1369807.58,0.00136980758,1.4290627224779204e-06,0.00014290627224779204,1.0,461,330,2026-05
gestor,LELIS ALBERTO DE MOURA NOBRE,1181922.35,0.00118192235,1.233049952350608e-06,0.00012330499523506078,1.0,462,330,2026-05
gestor,R CAPITAL ASSET MANAGEMENT INVESTIMENTOS S.A,1136622.69,0.00113662269,1.1857907194538793e-06,0.00011857907194538792,1.0,463,330,2026-05
gestor,FOURCE GESTAO DE RECURSOS LTDA,1066676.88,0.0010666768799999999,1.1128191932892165e-06,0.00011128191932892164,1.0,464,330,2026-05
gestor,BLOXS ASSET GESTAO DE RECURSOS LTDA,835072.16,0.0008350721600000001,8.711957152661672e-07,8.711957152661673e-05,1.0,465,330,2026-05
gestor,RIOS ASSET MANAGEMENT LTDA,697340.0,0.00069734,7.275055368672679e-07,7.275055368672679e-05,1.0,466,330,2026-05
gestor,AV1 GESTORA DE RECURSOS LTDA,473762.62,0.00047376262,4.942566455541679e-07,4.942566455541679e-05,1.0,467,330,2026-05
gestor,10.405.423/0001-45,0.0,0.0,0.0,0.0,0.0,468,471,2026-05
gestor,1618 INVESTIMENTOS LTDA,0.0,0.0,0.0,0.0,0.0,468,471,2026-05
gestor,4I CAPITAL,0.0,0.0,0.0,0.0,0.0,468,471,2026-05
gestor,62.073.200/0001-21,0.0,0.0,0.0,0.0,0.0,468,471,2026-05
gestor,ACURA GESTAO,0.0,0.0,0.0,0.0,0.0,468,471,2026-05
gestor,ACURA GESTORA,0.0,0.0,0.0,0.0,0.0,468,471,2026-05
gestor,ACURA GESTORA DE RECURSOS LTDA. E UTILITY GESTORA DE RECURSOS LTDA,0.0,0.0,0.0,0.0,0.0,468,471,2026-05
gestor,AF INVEST ADMINISTRACAO DE RECURSOS,0.0,0.0,0.0,0.0,0.0,468,471,2026-05
gestor,ARAZUL CAPITAL ASSET MANAGEMENT LTDA,0.0,0.0,0.0,0.0,0.0,468,471,2026-05
gestor,ARM CAPITAL S.A,0.0,0.0,0.0,0.0,0.0,468,471,2026-05
gestor,ARTESANAL INVESTIMENTO LTDA,0.0,0.0,0.0,0.0,0.0,468,471,2026-05
gestor,"ARTESANAL INVESTIMENTOS LTDA., CNPJ 03.084.098/0001-09",0.0,0.0,0.0,0.0,0.0,468,471,2026-05
gestor,ASA ASSET 2 GESTAO DE RECURSOS LTDA,0.0,0.0,0.0,0.0,0.0,468,471,2026-05
gestor,ASA ASSET GESTAO DE RECURSOS LTDA,0.0,0.0,0.0,0.0,0.0,468,471,2026-05
gestor,ASSET BANK - ASSET MANAGEMENT LTDA,0.0,0.0,0.0,0.0,0.0,468,471,2026-05
gestor,ATF CREDIT GESTORA DE RECURSOS LTDA,0.0,0.0,0.0,0.0,0.0,468,471,2026-05
gestor,AVENTIS GESTAO DE RECURSOS LTDA. ME,0.0,0.0,0.0,0.0,0.0,468,471,2026-05
gestor,AWARE GESTAO DE RECURSOS,0.0,0.0,0.0,0.0,0.0,468,471,2026-05
gestor,B.SIDE WEALTH MANAGEMENT GESTAO DE RECURSOS LTDA,0.0,0.0,0.0,0.0,0.0,468,471,2026-05
gestor,BAYCAP GESTAO DE RECURSOS LTDA,0.0,0.0,0.0,0.0,0.0,468,471,2026-05
gestor,BLUE ASSET INVESTIMENTOS,0.0,0.0,0.0,0.0,0.0,468,471,2026-05
gestor,BOCOM BBM CORRETORA DE CAMBIO E VALORES MOBILIARIOS S.A,0.0,0.0,0.0,0.0,0.0,468,471,2026-05
gestor,BSIDE INVESTIMENTOS,0.0,0.0,0.0,0.0,0.0,468,471,2026-05
gestor,BTGP WM 3 LTDA,0.0,0.0,0.0,0.0,0.0,468,471,2026-05
gestor,BURITI,0.0,0.0,0.0,0.0,0.0,468,471,2026-05
gestor,BURITI INVESTIMENTOS GESTORA DE RECURSOS,0.0,0.0,0.0,0.0,0.0,468,471,2026-05
gestor,"BURITI INVESTIMENTOS GESTORA DE RECURSOS LTDA, CNPJ 44.696.473/0001-40",0.0,0.0,0.0,0.0,0.0,468,471,2026-05
gestor,CATALISE INVESTIMENTOS,0.0,0.0,0.0,0.0,0.0,468,471,2026-05
gestor,CCF INVESTIMENTOS LTDA,0.0,0.0,0.0,0.0,0.0,468,471,2026-05
gestor,CLAVE ALTERNATIVOS GESTORA DE RECURSOS LTDA,0.0,0.0,0.0,0.0,0.0,468,471,2026-05
gestor,CM4 CAPITAL GESTAOD DE RECUROS LTDA,0.0,0.0,0.0,0.0,0.0,468,471,2026-05
gestor,CONTEA CAPITAL,0.0,0.0,0.0,0.0,0.0,468,471,2026-05
gestor,CONTEA CAPITAL GESTORA DE RECURSOS,0.0,0.0,0.0,0.0,0.0,468,471,2026-05
gestor,CONTEA GESTAO DE RECURSOS LTDA,0.0,0.0,0.0,0.0,0.0,468,471,2026-05
gestor,D3 CAPITAL GESTORA DE RECURSOS LTDA,0.0,0.0,0.0,0.0,0.0,468,471,2026-05
gestor,DAYCOVAL ASSET MANAGEMENT ADMINISTRACAO DERECURSOS LTDA,0.0,0.0,0.0,0.0,0.0,468,471,2026-05
gestor,DEZESSEIS DEZOITO GESTAO DE RECURSOS LIMITADA,0.0,0.0,0.0,0.0,0.0,468,471,2026-05
gestor,ELLO GESTORA DE RECURSOS,0.0,0.0,0.0,0.0,0.0,468,471,2026-05
gestor,EMPIRICA GESTAO DE COBRANCAS E GARANTIAS LTDA,0.0,0.0,0.0,0.0,0.0,468,471,2026-05
gestor,EMPIRICA INVESTIMENTOS GESTAO DE RECURSOS LTDA,0.0,0.0,0.0,0.0,0.0,468,471,2026-05
gestor,EXES MAQUINAS FUNDO DE INVESTIMENTO EM DIREITOS CREDITORIOS,0.0,0.0,0.0,0.0,0.0,468,471,2026-05
gestor,EXT CAPITAL LTDA E BRAVE GESTORA DE RECURSOS LTDA,0.0,0.0,0.0,0.0,0.0,468,471,2026-05
gestor,EXT CAPITAL LTDA. E SOLIS INVESTIMENTOS LTDA,0.0,0.0,0.0,0.0,0.0,468,471,2026-05
gestor,FAMA RE. CAPITAL LTDA,0.0,0.0,0.0,0.0,0.0,468,471,2026-05
gestor,FAR - FATOR ADMINISTRACAO DE RECURSOS LTDA,0.0,0.0,0.0,0.0,0.0,468,471,2026-05
gestor,FATOR INNOVATION LTDA,0.0,0.0,0.0,0.0,0.0,468,471,2026-05
gestor,FIDD ADMINISTRACAO DE RECURSOS DE RECURSOS LTDA,0.0,0.0,0.0,0.0,0.0,468,471,2026-05
gestor,FLORIDA INVESTIMENTO E GESTAO DE RECURSOS LTDA,0.0,0.0,0.0,0.0,0.0,468,471,2026-05
gestor,FRAM CAPITAL - GESTAO DE ATIVOS LTDA,0.0,0.0,0.0,0.0,0.0,468,471,2026-05
gestor,GALAPAGOS CAPITAL,0.0,0.0,0.0,0.0,0.0,468,471,2026-05
gestor,GALAPAGOS CAPITAL INVESTIMENTOS E PARTICIPACOES LTDA. / HYPERION ASSET MANAGEMENT LTDA,0.0,0.0,0.0,0.0,0.0,468,471,2026-05
gestor,GOOROO FUNDO DE INVESTIMENTO EM DIREITOS CREDITORIOS,0.0,0.0,0.0,0.0,0.0,468,471,2026-05
gestor,GRIF CAPITAL GESTORA DE RECURSOS,0.0,0.0,0.0,0.0,0.0,468,471,2026-05
gestor,GUARDIAN GESTORA LTDA. (CNPJ No 37.414.193/0001-37),0.0,0.0,0.0,0.0,0.0,468,471,2026-05
gestor,HEDGE ALTERNATIVE INVESTMENTS LTDA,0.0,0.0,0.0,0.0,0.0,468,471,2026-05
gestor,HIERON PATRIMONIO FAMILIAR E INVESTIMENTO LTDA,0.0,0.0,0.0,0.0,0.0,468,471,2026-05
gestor,INTRABANK ASSET MANAGEMENT LTDA,0.0,0.0,0.0,0.0,0.0,468,471,2026-05
gestor,IRON CAPITAL GESTAO DE RECURSOS LTDA. E LESTE CREDIT GESTAO DE RECURSOS LTDA,0.0,0.0,0.0,0.0,0.0,468,471,2026-05
gestor,IRON CAPITAL GESTAO DE RECURSOS RECURSOS LTDA,0.0,0.0,0.0,0.0,0.0,468,471,2026-05
gestor,IRON CAPITAL GESTORA DE RECURSOS,0.0,0.0,0.0,0.0,0.0,468,471,2026-05
gestor,JGP GESTAO DE CREDITO LTDA,0.0,0.0,0.0,0.0,0.0,468,471,2026-05
gestor,KUARA CAPITAL GESTORA DE RECURSOS LTDA & ORIZ ASSET MANAGEMENT LTDA,0.0,0.0,0.0,0.0,0.0,468,471,2026-05
gestor,LANNER CORRETORA DE VALORES S.A,0.0,0.0,0.0,0.0,0.0,468,471,2026-05
gestor,LESTE CREDIT GESTAO DE RECURSOS LTDA. E LESTE FINANCIAL SERVICES GESTAO DE RECURSOS LTDA,0.0,0.0,0.0,0.0,0.0,468,471,2026-05
gestor,LIBERTAS ASSET,0.0,0.0,0.0,0.0,0.0,468,471,2026-05
gestor,LIBERTAS ASSET S.A,0.0,0.0,0.0,0.0,0.0,468,471,2026-05
gestor,LIBERTAS ASSET SA,0.0,0.0,0.0,0.0,0.0,468,471,2026-05
gestor,LIBERTAS S A,0.0,0.0,0.0,0.0,0.0,468,471,2026-05
gestor,M ASSET MANAGEMENT LTDA,0.0,0.0,0.0,0.0,0.0,468,471,2026-05
gestor,MAM ASSET,0.0,0.0,0.0,0.0,0.0,468,471,2026-05
gestor,MATTERHORN GESTORA DE RECURSOS LTDA,0.0,0.0,0.0,0.0,0.0,468,471,2026-05
gestor,MAV CAPITAL GESTORA DE RECURSOS SS LTDA,0.0,0.0,0.0,0.0,0.0,468,471,2026-05
gestor,"MDA E FUNDOS 21, B3 SEGMENTO CETIP",0.0,0.0,0.0,0.0,0.0,468,471,2026-05
gestor,MENESTYS GESTAO,0.0,0.0,0.0,0.0,0.0,468,471,2026-05
gestor,MENESTYS GESTORA,0.0,0.0,0.0,0.0,0.0,468,471,2026-05
gestor,MERITO INVESTIMENTOS SA,0.0,0.0,0.0,0.0,0.0,468,471,2026-05
gestor,MILENIO CAPITAL GESTAO DE INVESTIMENTO LTDA,0.0,0.0,0.0,0.0,0.0,468,471,2026-05
gestor,MILENIO CAPITAL GESTAO DE INVESTIMENTOS,0.0,0.0,0.0,0.0,0.0,468,471,2026-05
gestor,MILENIO CAPITAL GESTAO DE RECURSOS DE INVESTIMENTOS LTDA,0.0,0.0,0.0,0.0,0.0,468,471,2026-05
gestor,MOSAICO GESTORA DE RECURSOS,0.0,0.0,0.0,0.0,0.0,468,471,2026-05
gestor,NAO SH ASSET CAPITAL GESTAO DE RECURSOS LTDA,0.0,0.0,0.0,0.0,0.0,468,471,2026-05
gestor,NOVA SRM ADMINISTRACAO DE RECURSOS DE TERCEIROS S/A,0.0,0.0,0.0,0.0,0.0,468,471,2026-05
gestor,NOVA SRM ADMINISTRACAO DE RECURSOS E FINANCAS S/A,0.0,0.0,0.0,0.0,0.0,468,471,2026-05
gestor,NOVA SRM ADMINISTRACAO DE RECURSOS S E FINANCAS S/A,0.0,0.0,0.0,0.0,0.0,468,471,2026-05
gestor,OURO PRETO GESTAO,0.0,0.0,0.0,0.0,0.0,468,471,2026-05
gestor,OURO PRETO GESTAO DE RECURSOS LTDA,0.0,0.0,0.0,0.0,0.0,468,471,2026-05
gestor,OURO PRETO GESTAO RECURSOS S.A,0.0,0.0,0.0,0.0,0.0,468,471,2026-05
gestor,OURO PRETO GESTORA,0.0,0.0,0.0,0.0,0.0,468,471,2026-05
gestor,PETRA CAPITAL GESTAO DE INVESTIMENTOS S.A,0.0,0.0,0.0,0.0,0.0,468,471,2026-05
gestor,PRADA ADMINISTRADORA DE RECURSOS LTDA,0.0,0.0,0.0,0.0,0.0,468,471,2026-05
gestor,PRAVALER S.A,0.0,0.0,0.0,0.0,0.0,468,471,2026-05
gestor,QUARTZO ASSET LTDA,0.0,0.0,0.0,0.0,0.0,468,471,2026-05
gestor,QUASAR ASSET MANAGEMENT LTDA,0.0,0.0,0.0,0.0,0.0,468,471,2026-05
gestor,QUATA GESTAO DE RECURSOS LTDA,0.0,0.0,0.0,0.0,0.0,468,471,2026-05
gestor,RADIX PORTFOLIO GESTAO DE INVESTIMENTOS LTDA,0.0,0.0,0.0,0.0,0.0,468,471,2026-05
gestor,REDWOOD ASSET MANAGEMENT ADMINISTRACAO DE RECURSOS LTDA,0.0,0.0,0.0,0.0,0.0,468,471,2026-05
gestor,RIVIERA GESTORA DE RECURSOS LTDA,0.0,0.0,0.0,0.0,1.0,468,330,2026-05
gestor,RIZA CREDITO ESTRUTURADO GESTORA DE RECURSOS LTDA,0.0,0.0,0.0,0.0,0.0,468,471,2026-05
gestor,ROOT CAPITAL GESTAO DE RECURSOS LTDA,0.0,0.0,0.0,0.0,0.0,468,471,2026-05
gestor,RUN INVESTIMENTOS LTDA,0.0,0.0,0.0,0.0,0.0,468,471,2026-05
gestor,SOLIS INVESTIMENTOS LTDA,0.0,0.0,0.0,0.0,0.0,468,471,2026-05
gestor,SQUALO GESTAO,0.0,0.0,0.0,0.0,0.0,468,471,2026-05
gestor,SQUALO GESTORA,0.0,0.0,0.0,0.0,0.0,468,471,2026-05
gestor,STRIVO GESTORA DE RECURSOS S/A,0.0,0.0,0.0,0.0,0.0,468,471,2026-05
gestor,STRUTTURA,0.0,0.0,0.0,0.0,0.0,468,471,2026-05
gestor,TAG INVESTIMENTOS,0.0,0.0,0.0,0.0,0.0,468,471,2026-05
gestor,TERCON GESTORA,0.0,0.0,0.0,0.0,0.0,468,471,2026-05
gestor,TERCON INVESTIMENTO LTDA,0.0,0.0,0.0,0.0,0.0,468,471,2026-05
gestor,TERCON INVESTIMENTOS,0.0,0.0,0.0,0.0,0.0,468,471,2026-05
gestor,TERCON INVESTIMENTOS LTDA,0.0,0.0,0.0,0.0,0.0,468,471,2026-05
gestor,TERRA INVESTIMENTOS DTVM LTDA,0.0,0.0,0.0,0.0,0.0,468,471,2026-05
gestor,TRUSTEE DTVM,0.0,0.0,0.0,0.0,0.0,468,471,2026-05
gestor,TYR GESTAO DE RECURSOS LTDA,0.0,0.0,0.0,0.0,0.0,468,471,2026-05
gestor,UNION CAPITAL LTDA,0.0,0.0,0.0,0.0,0.0,468,471,2026-05
gestor,VALORA GESTAO DE INVESTIMENTOS LTDA,0.0,0.0,0.0,0.0,0.0,468,471,2026-05
gestor,VALORA GESTAO DE INVESTIMENTOS RENDA FIXA LTDA,0.0,0.0,0.0,0.0,0.0,468,471,2026-05
gestor,VALORA RENDA FIXA LTDA E EXT CAPITAL LTDA,0.0,0.0,0.0,0.0,0.0,468,471,2026-05
gestor,W CAPITAL PARTNERS GESTORA DE RECURSOS LTDA,0.0,0.0,0.0,0.0,0.0,468,471,2026-05
gestor,WESTERN ASSET MANAGEMENT COMPANY DTVM,0.0,0.0,0.0,0.0,0.0,468,471,2026-05
gestor,XP VISTA ASSET MANAGMENT LTDA,0.0,0.0,0.0,0.0,0.0,468,471,2026-05
gestor,ZEUS CAPITAL GESTAO DE RECURSOS E INVESTIMENTOS LTDA,0.0,0.0,0.0,0.0,0.0,468,471,2026-05
gestor,ID GESTORA E ADMINISTRADORA DE RECURSOS LTDA,-34714.69,-3.471469e-05,-3.621637821669598e-08,-3.6216378216695982e-06,4.0,589,182,2026-05
gestor,RJI GESTAO & INVESTIMENTOS LTDA,-51823.91000000015,-5.182391000000015e-05,-5.406570893267429e-08,-5.406570893267429e-06,9.0,590,110,2026-05
custodiante,BTG PACTUAL,145656936481.02,145.65693648101998,0.1519577648967017,15.195776489670171,426.0,1,3,2026-05
custodiante,QI TECH + SINGULARE,138779724251.94,138.77972425194,0.1447830581899776,14.478305818997761,796.0,2,1,2026-05
custodiante,OLIVEIRA TRUST,116525130023.44,116.52513002344,0.1215657746239007,12.15657746239007,202.0,3,5,2026-05
custodiante,BANCO DAYCOVAL S.A,63717633407.03,63.71763340703,0.0664739310805247,6.64739310805247,475.0,4,2,2026-05
custodiante,GRUPO BB,60841973938.55,60.841973938550005,0.0634738763217786,6.347387632177861,1.0,5,42,2026-05
custodiante,GRUPO BRADESCO/BEM,49908473842.66,49.90847384266,0.052067414829395,5.2067414829395,46.0,6,19,2026-05
custodiante,REAG/CBSF,49376060585.88,49.37606058588,0.0515119704375503,5.15119704375503,87.0,7,14,2026-05
custodiante,GRUPO GENIAL,42802969338.17,42.80296933817,0.0446545403789809,4.46545403789809,125.0,8,11,2026-05
custodiante,HEMERA DISTRIBUIDORA DE TITULOS E VALORES MOBILIARIOS LTDA,24613405440.31,24.61340544031,0.0256781322439333,2.56781322439333,129.0,9,10,2026-05
custodiante,BANCO FINAXIS S.A,22959957709.55,22.95995770955,0.0239531596637736,2.39531596637736,82.0,10,15,2026-05
custodiante,ITAU/INTRAG,22434813297.29,22.434813297290003,0.023405298552158,2.3405298552158,34.0,11,27,2026-05
custodiante,BRL TRUST DISTRIBUIDORA DE TITULOS E VALORES MOBILIARIOS S.A,22282538096.29,22.28253809629,0.0232464362298259,2.32464362298259,137.0,12,9,2026-05
custodiante,LIMINE TRUST DISTRIBUIDORA DE TITULOS E VALORES MOBILIARIOS LTDA,22266191752.04,22.26619175204,0.0232293827753425,2.32293827753425,163.0,13,8,2026-05
custodiante,VORTX DISTRIBUIDORA DE TITULOS E VALORES MOBILIARIOS LTDA,16943833175.17,16.94383317517,0.0176767895871332,1.7676789587133201,174.0,14,7,2026-05
custodiante,ID CORRETORA DE TITULOS E VALORES MOBILIARIOS S.A,16498844233.11,16.49884423311,0.0172125513114092,1.72125513114092,290.0,15,4,2026-05
custodiante,VERT DISTRIBUIDORA DE TITULOS E VALORES MOBILIARIOS LTDA,15565898871.06,15.56589887106,0.016239248594677,1.6239248594677,45.0,16,21,2026-05
custodiante,MAF DISTRIBUIDORA DE TITULOS E VALORES MOBILIARIOS S.A,13985589864.58,13.98558986458,0.0145905785740624,1.45905785740624,44.0,17,22,2026-05
custodiante,PLANNER CORRETORA DE VALORES S.A,12792399326.87,12.792399326870001,0.013345772994687,1.3345772994687,182.0,18,6,2026-05
custodiante,TRUSTEE DISTRIBUIDORA DE TITULOS E VALORES MOBILIARIOS LTDA,12574459421.95,12.574459421950001,0.0131184054443763,1.31184054443763,77.0,19,17,2026-05
custodiante,FIDD DISTRIBUIDORA DE TITULOS E VALORES MOBILIARIOS LTDA,11230603717.46,11.23060371746,0.0117164172237563,1.17164172237563,88.0,20,13,2026-05
custodiante,BNY MELLON BANCO S.A,10517995513.33,10.51799551333,0.0109729830107159,1.09729830107159,38.0,21,25,2026-05
custodiante,NAO INFORMADO,9876317948.24,9.87631794824,0.0103035477546192,1.03035477546192,60.0,22,18,2026-05
custodiante,BANCO B3 S.A,8830530613.78,8.83053061378,0.0092125217469252,0.92125217469252,11.0,23,34,2026-05
custodiante,SEFER INVESTIMENTOS DISTRIBUIDORA DE TITULOS E VALORES MOBILIARIOS LTDA,7871234513.8,7.8712345138,0.0082117284119227,0.8211728411922701,23.0,24,28,2026-05
custodiante,QORE DISTRIBUIDORA DE TITULOS E VALORES MOBILIARIOS LTDA,6698827947.09,6.69882794709,0.0069886058766586,0.69886058766586,39.0,25,24,2026-05
custodiante,S3 CACEIS BRASIL DISTRIBUIDORA DE TITULOS E VALORES MOBILIARIOS S.A,6479685787.81,6.47968578781,0.0067599840648635,0.67599840648635,15.0,26,33,2026-05
custodiante,BANVOX DISTRIBUIDORA DE TITULOS E VALORES MOBILIARIOS LTDA,5768664594.84,5.76866459484,0.0060182055139189,0.6018205513918901,46.0,27,19,2026-05
custodiante,RJI CORRETORA DE TITULOS E VALORES MOBILIARIOS LTDA,3951789316.1,3.9517893160999997,0.0041227358361712,0.41227358361711997,18.0,28,32,2026-05
custodiante,TERRA INVESTIMENTOS DISTRIBUIDORA DE TITULOS E VALORES MOBILIARIOS LTDA,3258778054.18,3.25877805418,0.0033997462899553,0.33997462899553,82.0,29,15,2026-05
custodiante,OSLO CAPITAL DISTRIBUIDORA DE TITULOS E VALORES MOBILIARIOS S.A,2453341180.33,2.45334118033,0.0025594678241812,0.25594678241812,23.0,30,28,2026-05
custodiante,LASTRO RDV DTVM LTDA,2111296049.44,2.11129604944,0.0022026265034754,0.22026265034754,42.0,31,23,2026-05
custodiante,AZUMI DISTRIBUIDORA DE TITULOS E VALORES MOBILIARIOS LTDA,2064080426.27,2.06408042627,0.0021533684266652,0.21533684266651998,93.0,32,12,2026-05
custodiante,FINVEST DISTRIBUIDORA DE TITULOS E VALORES MOBILIARIOS LTDA,1337505123.29,1.33750512329,0.0013953629259497,0.13953629259497,35.0,33,26,2026-05
custodiante,XP SERVICOS FINANCEIROS DTVM LTDA,1089082600.81,1.0890826008099999,0.0011361941408711,0.11361941408711,2.0,34,41,2026-05
custodiante,INTER DISTRIBUIDORA DE TITULOS E VALORES MOBILIARIOS,958433386.06,0.95843338606,0.0009998933017998,0.09998933017997999,8.0,35,37,2026-05
custodiante,WNT CAPITAL DISTRIBUIDORA DE TITULOS E VALORES MOBILIARIOS S.A,683266607.51,0.68326660751,0.0007128233575014,0.07128233575014001,19.0,36,31,2026-05
custodiante,BR-CAPITAL DTVM S.A,640384800.38,0.64038480038,0.000668086568965,0.06680865689650001,1.0,37,42,2026-05
custodiante,CAIXA ECONOMICA FEDERAL,492498819.5,0.4924988195,0.0005138033356567,0.05138033356567,1.0,38,42,2026-05
custodiante,BARU DISTRIBUIDORA DE TITULOS E VALORES MOBILIARIOS LTDA,444735134.63,0.44473513463,0.000463973489091,0.0463973489091,11.0,39,34,2026-05
custodiante,INTRA INVESTIMENTOS DTVM LTDA,388677898.3,0.3886778983,0.0004054913285788,0.04054913285788,23.0,40,28,2026-05
custodiante,MERITO DISTRIBUIDORA DE TITULOS E VALORES MOBILIARIOS LTDA,259310530.41,0.25931053041,0.0002705277865048,0.02705277865048,10.0,41,36,2026-05
custodiante,"MASTER S/A CORRETORA DE CAMBIO, TITULOS E VALORES MOBILIARIOS",243040138.41,0.24304013841,0.0002535535698142,0.02535535698142,7.0,42,38,2026-05
custodiante,LIONS TRUST DISTRIBUIDORA DE TITULOS E VALORES MOBILIARIOS LTDA,182359046.98,0.18235904698,0.0001902475354572,0.019024753545720002,5.0,43,39,2026-05
custodiante,ATIVA INVESTIMENTOS S.A. C.T.C.V,98331024.34,0.09833102434,0.0001025846282346,0.01025846282346,4.0,44,40,2026-05
custodiante,BANCO BNP PARIBAS BRASIL S/A,78056259.53,0.07805625953,8.143281755703595e-05,0.008143281755703596,1.0,45,42,2026-05
custodiante,01.522.368/0001-82,0.0,0.0,0.0,0.0,0.0,46,46,2026-05
custodiante,AZUMI DTVM LTDA,0.0,0.0,0.0,0.0,0.0,46,46,2026-05
custodiante,BANCO DAYCOVAL,0.0,0.0,0.0,0.0,0.0,46,46,2026-05
custodiante,BANCO MODAL S.A,0.0,0.0,0.0,0.0,0.0,46,46,2026-05
custodiante,BANCO PAULISTA S.A,0.0,0.0,0.0,0.0,0.0,46,46,2026-05
custodiante,BANVOX DISTRIBUIDORA DE TITULOS E VALORES MOBILIARIOS LTDA. (CNPJ No 02.671.743/0001-19),0.0,0.0,0.0,0.0,0.0,46,46,2026-05
custodiante,BNY MELLON SERVICOS FINANCEIROS DISTRIBUIDORA DE TITULOS E VALORES MOBILIARIOS S.A,0.0,0.0,0.0,0.0,0.0,46,46,2026-05
custodiante,BRL TRUST DTVM S.A,0.0,0.0,0.0,0.0,0.0,46,46,2026-05
custodiante,CARMEL GESTORA DE ATIVOS LTDA,0.0,0.0,0.0,0.0,0.0,46,46,2026-05
custodiante,CM CAPITAL MARKETS CCTVM LTDA,0.0,0.0,0.0,0.0,0.0,46,46,2026-05
custodiante,CM CAPITAL MARKETS DISTRIBUIDORA DE TITULOS E VALORES MOBILIARIOS LTDA,0.0,0.0,0.0,0.0,0.0,46,46,2026-05
custodiante,CM CAPITAL MARKETS DTVM,0.0,0.0,0.0,0.0,0.0,46,46,2026-05
custodiante,FIDD DISTRIBUICAO DE TITULOS E VALORES MOBILIARIOS LTDA,0.0,0.0,0.0,0.0,0.0,46,46,2026-05
custodiante,FINAXIS CORRETORA DE TITULOS E VALORES MOBILIARIOS S.A,0.0,0.0,0.0,0.0,0.0,46,46,2026-05
custodiante,FINVEST DTVM,0.0,0.0,0.0,0.0,0.0,46,46,2026-05
custodiante,FRAM CAPITAL DTVM S.A,0.0,0.0,0.0,0.0,0.0,46,46,2026-05
custodiante,HEDGE INVESTMENTS DISTRIBUIDORA DE TITULOS E VALORES MOBILIARIOS LTDA,0.0,0.0,0.0,0.0,0.0,46,46,2026-05
custodiante,ID CORRETORA DE TITILOS E VALORES MOBILIARIOS S.A,0.0,0.0,0.0,0.0,0.0,46,46,2026-05
custodiante,ID CORRETORA DE TITULOS E VALORES LTDA,0.0,0.0,0.0,0.0,0.0,46,46,2026-05
custodiante,ID CORRETORA DE TITULOS E VALORES MOBLIARIOS S.A,0.0,0.0,0.0,0.0,0.0,46,46,2026-05
custodiante,ID CORRETORA DE TITULOS E VALORES S.A,0.0,0.0,0.0,0.0,0.0,46,46,2026-05
custodiante,LANNER CORRETORA DE VALORES S.A,0.0,0.0,0.0,0.0,0.0,46,46,2026-05
custodiante,LASTRO RDV DISTRIBUIDORA DE TITULOS E VALORES MOBILIARIOS LTDA,0.0,0.0,0.0,0.0,0.0,46,46,2026-05
custodiante,"LIMINE TRUST DISTRIBUIDORA DE TITULOS E VALORES MOBILIARIOS LTDA., CNPJ 24.361.690/0001-72",0.0,0.0,0.0,0.0,0.0,46,46,2026-05
custodiante,MASTER CCTVM,0.0,0.0,0.0,0.0,0.0,46,46,2026-05
custodiante,MASTER S.A. CCTVM,0.0,0.0,0.0,0.0,0.0,46,46,2026-05
custodiante,OSLO DISTRIBUIDORA DE TITULOS E VALORES MOBILIARIOS S.A,0.0,0.0,0.0,0.0,0.0,46,46,2026-05
custodiante,PLANNER CORRETORA DE VALORES S/A,0.0,0.0,0.0,0.0,0.0,46,46,2026-05
custodiante,S3 CACEIS BRASIL DTVM S.A,0.0,0.0,0.0,0.0,0.0,46,46,2026-05
custodiante,SEFER INVESTIMENTO DISTRIBUIDORA DE TITULOS E VALORES MOBILIARIOS LTDA,0.0,0.0,0.0,0.0,0.0,46,46,2026-05
custodiante,TERRA INVESTIMENTO DTVM LTDA,0.0,0.0,0.0,0.0,0.0,46,46,2026-05
custodiante,TERRA INVESTIMENTOS DTVM LTDA,0.0,0.0,0.0,0.0,0.0,46,46,2026-05
custodiante,TRUSTEE DISTRIBUIDOR DE TITULOS E VALORES MOBILIARIOS,0.0,0.0,0.0,0.0,0.0,46,46,2026-05
custodiante,TRUSTEE DISTRIBUIDORA DE TITULO E VALORES MOBILIARIOS,0.0,0.0,0.0,0.0,0.0,46,46,2026-05
custodiante,TRUSTEE DISTRIBUIDORA DE TITULOS E VALORES MOBILIARIOS,0.0,0.0,0.0,0.0,0.0,46,46,2026-05
custodiante,TRUSTEE DISTRIBUIDORA DE TITULOS E VALORES MOBILIARIOS SA,0.0,0.0,0.0,0.0,0.0,46,46,2026-05
custodiante,TRUSTEE DISTRIUIDORA DE TITULOS E VALORES MOBILIARIOS,0.0,0.0,0.0,0.0,0.0,46,46,2026-05
custodiante,TRUSTEE DTVM,0.0,0.0,0.0,0.0,0.0,46,46,2026-05
custodiante,VORTX DISTRIBUIDORA DE TITULOS E VALRES MOBILIARIOS LTDA,0.0,0.0,0.0,0.0,0.0,46,46,2026-05
custodiante,VORTX DTVM,0.0,0.0,0.0,0.0,0.0,46,46,2026-05
