cnpj,apelido,subordinacao_minima_pct,subordinacao_estrutural_pct,inclui_mezanino,origem,fonte,observacao,responsavel,atualizado_em_utc
11468186000124,ATLANTA FIDC NAO PADRONIZADO,50.0,,False,carteira_101,Regulamento 1130308 · p. 47 · 2026-03-06,revisto — mínimo júnior localizado,curadoria_documental_carteira_101,2026-08-07T01:49:52+00:00
17468142000180,VALOREM FIDC MULTISSETORIAL,15.0,,False,carteira_101,Regulamento 1157934 · p. 102 · 2026-04-09,revisto — mínimo júnior localizado,curadoria_documental_carteira_101,2026-08-07T01:49:52+00:00
18185812000114,GAVEA SUL FUNDO DE INVESTIMENTO EM DIREITOS CREDITORIOS MULTISSETORIAL,22.0,,False,carteira_101,Regulamento 1011996 · p. 53 · 2025-10-13,revisto — mínimo júnior localizado,curadoria_documental_carteira_101,2026-08-07T01:49:52+00:00
26749095000134,CREDITO UNIVERSITARIO II FUNDO DE INVESTIMENTO EM,10.0,,False,carteira_101,Regulamento 1061833 · p. 152 · 2025-11-19,revisto — mínimo júnior localizado,curadoria_documental_carteira_101,2026-08-07T01:49:52+00:00
28169275000172,FUNDO DE INVESTIMENTO EM DIREITOS CREDITORIOS PAGSEGURO I,50.0,,False,carteira_101,Regulamento 1149521 · p. 44 · 2026-03-25,revisto — mínimo júnior localizado,curadoria_documental_carteira_101,2026-08-07T01:49:52+00:00
29226654000110,INVESTCRED FUNDO DE INVESTIMENTO EM DIREITOS CREDI,67.4267,67.4267,True,carteira_101,Regulamento 1023848 · p. 3–4; 9–10 · 2025-10-28,revisto — mínimo júnior localizado,curadoria_documental_carteira_101,2026-08-07T01:49:52+00:00
29492605000129,GAZIN FUNDO DE INVESTIMENTO EM DIREITOS CREDITORIO,51.0,51.0,True,carteira_101,Regulamento 1117213 · p. 44 · 2026-02-12,revisto — mínimo júnior localizado,curadoria_documental_carteira_101,2026-08-07T01:49:52+00:00
30035329000159,VIAINVEST II FIDC MULTISSETORIAL,15.0,,False,carteira_101,Regulamento 998769 · p. 44; 64 · 2025-09-22,revisto — mínimo júnior localizado,curadoria_documental_carteira_101,2026-08-07T01:49:52+00:00
31570767000180,FUNDO DE INVESTIMENTO EM DIREITOS,5.0,,False,carteira_101,Regulamento 1203635 · p. 39 · 2026-05-25,revisto — mínimo júnior localizado,curadoria_documental_carteira_101,2026-08-07T01:49:52+00:00
31739396000117,FIDC LF III,0.5,,False,carteira_101,Regulamento 1146939 · p. 39 · 2026-03-27,revisto — mínimo júnior localizado,curadoria_documental_carteira_101,2026-08-07T01:49:52+00:00
32526025000110,COBUCCIO FUNDO I F D C NAO P,75.0,,False,carteira_101,Regulamento 1186789 · p. 57 · 2026-05-12,revisto — mínimo júnior localizado,curadoria_documental_carteira_101,2026-08-07T01:49:52+00:00
33076242000118,FUNDO DE INVESTIMENTO EM DIREITOS CREDITORIOS ALBA,20.0,20.0,True,carteira_101,Regulamento 1060211 · p. 61 · 2025-12-12,revisto — mínimo júnior localizado,curadoria_documental_carteira_101,2026-08-07T01:49:52+00:00
35868110000154,FUNDO DE INVESTIMENTO EM DIREITOS CREDITORIOS BV,25.0,25.0,True,carteira_101,Regulamento 792021 · p. 48 · 2024-11-27,revisto — mínimo júnior localizado,curadoria_documental_carteira_101,2026-08-07T01:49:52+00:00
37035970000132,CD BANCK FIDC,30.0,,False,carteira_101,Regulamento 1187379 · p. 43 · 2026-05-12,revisto — mínimo júnior calculado de cláusulas contratuais,curadoria_documental_carteira_101,2026-08-07T01:49:52+00:00
37294759000134,FUNDO I E D C GALLERIA,,4.7619,True,carteira_101,Regulamento 927443 · p. 110 · 2026-07-10,revisto — suporte estrutural total localizado,curadoria_documental_carteira_101,2026-08-07T01:49:52+00:00
37645417000111,UBYFOL AGRO FIDC III,10.0,,False,carteira_101,Regulamento 1016909 · p. 12 · 2025-10-16,revisto — mínimo júnior localizado,curadoria_documental_carteira_101,2026-08-07T01:49:52+00:00
38376526000143,HOTFUND FIDC,21.0,,False,carteira_101,Regulamento 948252 · p. 68 · 2025-07-02,revisto — mínimo júnior localizado,curadoria_documental_carteira_101,2026-08-07T01:49:52+00:00
38385876000176,ESTRATEGIA EDUCACIONAL FIDC,10.0,,False,carteira_101,Regulamento 719764 · p. 11 · 2024-08-14,revisto — mínimo júnior localizado,curadoria_documental_carteira_101,2026-08-07T01:49:52+00:00
38658727000133,FIDC FORNEC MADEIRA MADEIRA I,26.665,26.665,True,carteira_101,Regulamento 1216296 · p. 62 · 2026-06-05,revisto — mínimo júnior localizado,curadoria_documental_carteira_101,2026-08-07T01:49:52+00:00
40919667000107,RECARGAPAY I FUNDO DE INVESTIMENTO EM DIREITOS CRE,50.0,50.0,True,carteira_101,Regulamento 1118056 · p. 31 · 2026-02-12,revisto — mínimo júnior localizado,curadoria_documental_carteira_101,2026-08-07T01:49:52+00:00
41197066000109,MOVILEPAY CREDITO I FIDC SEGMENTO FINANCEIRO DE RE,10.0,,False,carteira_101,Regulamento 1076481 · p. 89 · 2025-12-30,revisto — mínimo júnior localizado,curadoria_documental_carteira_101,2026-08-07T01:49:52+00:00
42085816000105,CLOUDWALK KICK ASS I FUNDO DE INVESTIMENTO EM DIRE,4.8,4.8,True,carteira_101,Regulamento 733165 · p. 98 · 2024-09-05,revisto — mínimo júnior localizado,curadoria_documental_carteira_101,2026-08-07T01:49:52+00:00
42085830000109,CLOUDWALK AKIRA I FUNDO DE INVESTIMENTO EM DIREITO,3.0,3.0,True,carteira_101,Regulamento 966441 · p. 99 · 2025-07-24,revisto — mínimo júnior localizado,curadoria_documental_carteira_101,2026-08-07T01:49:52+00:00
42102603000144,CLOUDWALK KICK ASS II FUNDO DE INVESTIMENTO EM DIR,6.8,6.8,True,carteira_101,Regulamento 733239 · p. 99 · 2024-09-05,revisto — mínimo júnior localizado,curadoria_documental_carteira_101,2026-08-07T01:49:52+00:00
42154687000160,MULTIPLIKE PLUS FUNDO I D CRED,20.0,,False,carteira_101,Regulamento 1223029 · p. 54 · 2026-06-08,revisto — mínimo júnior calculado de cláusulas contratuais,curadoria_documental_carteira_101,2026-08-07T01:49:52+00:00
42462306000100,IS GREEN SOLFACIL II FIDC,4.5,,False,carteira_101,Regulamento 896879 · p. 12 · 2025-05-05,revisto — mínimo júnior localizado,curadoria_documental_carteira_101,2026-08-07T01:49:52+00:00
43193260000133,RESIDENCE CLUB FIDC,15.0,50.0,True,carteira_101,Regulamento 1044387 · p. 26 · 2025-11-17,revisto — mínimo júnior localizado,curadoria_documental_carteira_101,2026-08-07T01:49:52+00:00
43309233000183,FUNDO DE INVESTIMENTO EM DIREITOS CREDITORIOS LIVERPOOL,,15.0,True,carteira_101,Regulamento 943032 · p. 30 · 2025-07-09,revisto — suporte estrutural total localizado,curadoria_documental_carteira_101,2026-08-07T01:49:52+00:00
43616659000180,TALO 1 FUNDO DE INVESTIMENTO EM DIREITOS CREDITORIOS,,25.0,True,carteira_101,Regulamento 791844 · p. 7 · 2024-11-28,revisto — suporte estrutural total localizado,curadoria_documental_carteira_101,2026-08-07T01:49:52+00:00
43866348000179,FUNDO DE INVESTIMENTO EM DIREITOS CREDITORIOS OPEA,5.0,,False,carteira_101,Regulamento 741139 · p. 81 · 2024-09-17,revisto — mínimo júnior localizado,curadoria_documental_carteira_101,2026-08-07T01:49:52+00:00
44124465000120,TMAQ21 FUNDO I E D CREDITORIOS,3.0,,False,carteira_101,Regulamento 951239 · p. 85 · 2025-07-08,revisto — mínimo júnior localizado,curadoria_documental_carteira_101,2026-08-07T01:49:52+00:00
44124617000194,CLOUDWALK AKIRA II FUNDO DE INVESTIMENTO EM DIREITO,5.0,5.0,True,carteira_101,Regulamento 851798 · p. 101–102 · 2025-02-28,revisto — mínimo júnior localizado,curadoria_documental_carteira_101,2026-08-07T01:49:52+00:00
44173467000109,RECEIVABLES 48 FUNDO DE INVEST INSS MEU TUDO,1.0,10.0,True,carteira_101,Regulamento 791513 · p. 19 · 2024-11-28,revisto — mínimo júnior localizado,curadoria_documental_carteira_101,2026-08-07T01:49:52+00:00
44272584000120,LAVORO AGRO FIDC DAS CADEIAS PRODUTIVAS AGROINDUST,5.0,,False,carteira_101,Regulamento 1003378 · p. 133 · 2025-09-30,revisto — mínimo júnior localizado,curadoria_documental_carteira_101,2026-08-07T01:49:52+00:00
44574361000117,FUNDO DE INVESTIMENTO EM DIREITOS CREDITORIOS UPL,,15.0,True,carteira_101,Regulamento 928360 · p. 133 · 2025-06-12,revisto — suporte estrutural total localizado,curadoria_documental_carteira_101,2026-08-07T01:49:52+00:00
45523699000102,VIXTRA FUNDO DE INVE E D C RL,10.0,,False,carteira_101,Regulamento 1024756 · p. 26 · 2025-10-30,revisto — mínimo júnior localizado,curadoria_documental_carteira_101,2026-08-07T01:49:52+00:00
45598747000121,FIDC SUMUP,4.7619,4.7619,True,carteira_101,Regulamento 883977 · p. 95 · 2025-04-22,revisto — mínimo júnior localizado,curadoria_documental_carteira_101,2026-08-07T01:49:52+00:00
47151680000108,FARM TECH IBBA I FUNDO DE INVESTIMENTO EM DIREITOS,,20.0,True,carteira_101,Regulamento 993922 · p. 6 · 2025-07-22,revisto — suporte estrutural total localizado,curadoria_documental_carteira_101,2026-08-07T01:49:52+00:00
47280025000150,FUNDO DE INVESTIMENTO EM DIREITOS CREDITORIOS ALBA,30.0,30.0,True,carteira_101,Regulamento 1074880 · p. 10; 34 · 2025-12-23,revisto — mínimo júnior localizado,curadoria_documental_carteira_101,2026-08-07T01:49:52+00:00
47425750000179,FIDC CROPFIELD CEREALIS,25.0,,False,carteira_101,Regulamento 1237988 · p. 30 · 2026-07-02,revisto — mínimo júnior calculado de cláusulas contratuais,curadoria_documental_carteira_101,2026-08-07T01:49:52+00:00
47640584000123,SOL AGORA GREEN ESG FIDC IS SEGMENTO FINANCEIRO DE,10.0,,False,carteira_101,Regulamento 930974 · p. 91 · 2025-06-13,revisto — mínimo júnior localizado,curadoria_documental_carteira_101,2026-08-07T01:49:52+00:00
47936340000192,FUNDO DE INVESTIMENTO EM DIREITOS CREDITORIOS OPEA,,25.0,True,carteira_101,Regulamento 801978 · p. 4 · 2025-03-11,revisto — suporte estrutural total localizado,curadoria_documental_carteira_101,2026-08-07T01:49:52+00:00
48946335000123,NAGRO OIKOS FIAGRO FUNDO DE INVESTIMENTO EM DIREI,10.0,,False,carteira_101,Regulamento 1000248 · p. 57 · 2025-09-29,revisto — mínimo júnior localizado,curadoria_documental_carteira_101,2026-08-07T01:49:52+00:00
48953864000154,FUNDO INVESTIMENTO E D C A II,15.0,15.0,True,carteira_101,Regulamento 774314 · p. 33; 107 · 2024-11-05,revisto — mínimo júnior localizado,curadoria_documental_carteira_101,2026-08-07T01:49:52+00:00
48967719000122,SOULPAY FIDC,5.0,5.0,True,carteira_101,Regulamento 785770 · p. 82 · 2024-11-22,revisto — mínimo júnior localizado,curadoria_documental_carteira_101,2026-08-07T01:49:52+00:00
49113994000141,FUNDO DE INVESTIMENTO EM DIREITOS CREDITORIOS CAP RESPONSABILIDADE LIMITADA,14.0,,False,carteira_101,Regulamento 788104 · p. 53 · 2024-11-22,revisto — mínimo júnior localizado,curadoria_documental_carteira_101,2026-08-07T01:49:52+00:00
50089559000108,AGRICONNECTION FIAGRO DIREITOS CREDITORIOS,15.0,,False,carteira_101,Regulamento 999633 · p. 52 · 2025-09-26,revisto — mínimo júnior localizado,curadoria_documental_carteira_101,2026-08-07T01:49:52+00:00
50098465000103,CHEMICAL XIII FUNDO DE INVESTIMENTO EM DIREITOS,,9.2,True,carteira_101,Regulamento 690567 · p. 15 · 2024-07-01,revisto — suporte estrutural total localizado,curadoria_documental_carteira_101,2026-08-07T01:49:52+00:00
50473039000102,SELLER FUNDO DE INVESTIMENTO EM DIREITOS CREDITORIOS,10.0,,False,carteira_101,Regulamento 909547 · p. 99 · 2025-05-19,revisto — mínimo júnior localizado,curadoria_documental_carteira_101,2026-08-07T01:49:52+00:00
50536324000117,MAQNELSON FUNDO DE INVESTIMENTO EM DIREITOS CREDIT,50.0,50.0,True,carteira_101,Regulamento 918862 · p. 111 · 2025-06-04,revisto — mínimo júnior localizado,curadoria_documental_carteira_101,2026-08-07T01:49:52+00:00
50832746000130,BOASAFRA FIDC DO AGRONEGOCIO,20.0,30.0,True,carteira_101,Regulamento 791780 · p. 44 · 2024-11-28,revisto — mínimo júnior localizado,curadoria_documental_carteira_101,2026-08-07T01:49:52+00:00
50857998000113,LEO I FUNDO INV DIR CREDITORIOS,5.0,,False,carteira_101,Regulamento 1017825 · p. 62 · 2025-10-06,revisto — mínimo júnior localizado,curadoria_documental_carteira_101,2026-08-07T01:49:52+00:00
50988212000105,CARTAO DE COMPRA SUPPLIER FUNDO DE INVESTIMENTO EM,4.5,,False,carteira_101,Regulamento 1013021 · p. 29; 62 · 2024-11-14,revisto — mínimo júnior localizado,curadoria_documental_carteira_101,2026-08-07T01:49:52+00:00
51554551000138,CLASSE UNICA DO FIDC CREDITO NITRO AGRO RESPONSA,,25.0,True,carteira_101,Regulamento 1261911 · p. 71 · 2026-06-18,revisto — suporte estrutural total localizado,curadoria_documental_carteira_101,2026-08-07T01:49:52+00:00
52100879000147,SOTREQ FUNDO DE INVESTIMENTO EM DIREITOS CREDITORIOS,,25.0,True,carteira_101,Regulamento 1117315 · p. 49 · 2026-02-06,revisto — suporte estrutural total localizado,curadoria_documental_carteira_101,2026-08-07T01:49:52+00:00
52271464000136,KIWIFY FUNDO DE INVESTIMENTO E,6.0,,False,carteira_101,Regulamento 1155755 · p. 18 · 2026-03-18,revisto — mínimo júnior localizado,curadoria_documental_carteira_101,2026-08-07T01:49:52+00:00
52340225000190,INOVA CREDTECH III FUNDO DE INVESTIMENTO,7.5,,False,carteira_101,Regulamento 1171206 · p. 77 · 2026-03-25,revisto — mínimo júnior localizado,curadoria_documental_carteira_101,2026-08-07T01:49:52+00:00
52343195000176,FARMTECH SYNGENTA FUNDO DE INVESTIMENTO EM DIREITO,,15.0,True,carteira_101,Regulamento 791944 · p. 7 · 2024-11-27,revisto — suporte estrutural total localizado,curadoria_documental_carteira_101,2026-08-07T01:49:52+00:00
52968533000165,MCPO FUNDO DE INVESTIMENTO EM DIREITOS CREDITORIO,,20.0,True,carteira_101,Regulamento 1049185 · p. 72 · 2025-10-14,revisto — suporte estrutural total localizado,curadoria_documental_carteira_101,2026-08-07T01:49:52+00:00
53270983000142,ANGA FGTS MAIS AG FIDC RESPONSABILIDADE LIMITADA,8.0,,False,carteira_101,Regulamento 881263 · p. 14 · 2025-04-03,revisto — mínimo júnior localizado,curadoria_documental_carteira_101,2026-08-07T01:49:52+00:00
53577135000180,ANGA FGTS II FUNDO DE INVESTIMENTO EM DIREITOS CR,15.0,,False,carteira_101,Regulamento 1224059 · p. 17 · 2026-06-18,revisto — mínimo júnior localizado,curadoria_documental_carteira_101,2026-08-07T01:49:52+00:00
53662209000187,PNEUCASH FUNDO DE INVESTIMENTO EM DIREITOS CREDITORIOS,,20.0,True,carteira_101,Regulamento 1239751 · p. 49 · 2026-06-30,revisto — suporte estrutural total localizado,curadoria_documental_carteira_101,2026-08-07T01:49:52+00:00
54083697000130,PERNAMBUCANAS FIDC DE RESPONSABILIDADE LIMITADA,10.0,10.0,True,carteira_101,Regulamento 640301 · p. 84 · 2024-04-12,revisto — mínimo júnior localizado,curadoria_documental_carteira_101,2026-08-07T01:49:52+00:00
54252144000164,J17 FGTS FUNDO DE INVESTIMENTO,5.0,,False,carteira_101,Regulamento 1223382 · p. 109 · 2026-06-08,revisto — mínimo júnior localizado,curadoria_documental_carteira_101,2026-08-07T01:49:52+00:00
54464892000100,FUNDO I E D C MF RECEIV,3.5,,False,carteira_101,Regulamento 884293 · p. 85–86 · 2025-04-23,revisto — mínimo júnior localizado,curadoria_documental_carteira_101,2026-08-07T01:49:52+00:00
54559035000194,FUNDO DE INVESTIMENTO EM DIREITOS CREDITORIOS RESP,10.0,10.0,True,carteira_101,Regulamento 634463 · p. 50 · 2024-04-05,revisto — mínimo júnior localizado,curadoria_documental_carteira_101,2026-08-07T01:49:52+00:00
54810968000102,ANGA FGTS III FUNDO DE INVESTIMENTO EM DIREITOS CR,5.0,,False,carteira_101,Regulamento 937760 · p. 16 · 2025-04-22,revisto — mínimo júnior localizado,curadoria_documental_carteira_101,2026-08-07T01:49:52+00:00
54857414000160,INDIE MERX RAIZ I CREDITO AGRO FUNDO DE INVESTIMEN,15.0,,False,carteira_101,Regulamento 1263627 · p. 74 · 2026-06-01,revisto — mínimo júnior localizado,curadoria_documental_carteira_101,2026-08-07T01:49:52+00:00
55070804000159,ESTRATEGIA VINCULADA II FUNDO DE INVESTIMENTO EM D,10.0,10.0,True,carteira_101,Regulamento 667195 · p. 57 · 2024-05-22,revisto — mínimo júnior localizado,curadoria_documental_carteira_101,2026-08-07T01:49:52+00:00
55374251000128,FUNDO DE INVESTIMENTO EM DIREITOS CREDITORIOS BLUE,5.0,,False,carteira_101,Regulamento 686750 · p. 61 · 2024-06-25,revisto — mínimo júnior localizado,curadoria_documental_carteira_101,2026-08-07T01:49:52+00:00
55401645000128,QUATA FIDC FGTS FUNDO DE INVESTIMENTO EM DIREITOS,3.0,,False,carteira_101,Regulamento 1051890 · p. 17 · 2025-12-01,revisto — mínimo júnior localizado,curadoria_documental_carteira_101,2026-08-07T01:49:52+00:00
55476342000174,LAVORO AGRO II FUNDO DE INVESTIMENTO EM DIREITOS C,20.0,20.0,True,carteira_101,Regulamento 1003108 · p. 107; 122 · 2025-09-30,revisto — mínimo júnior localizado,curadoria_documental_carteira_101,2026-08-07T01:49:52+00:00
56936116000191,FATOR TARKEN FUNDO DE INVESTIMENTO EM DIREITOS CRE,3.0,,False,carteira_101,Regulamento 1023213 · p. 61 · 2025-10-27,revisto — mínimo júnior localizado,curadoria_documental_carteira_101,2026-08-07T01:49:52+00:00
57028406000108,IS GREEN SOLFACIL VI FIDC RL,2.0,,False,carteira_101,Regulamento 1202319 · p. 112 · 2026-05-21,revisto — mínimo júnior localizado,curadoria_documental_carteira_101,2026-08-07T01:49:52+00:00
57131490000182,PONTO RURAL FIAGRO FIDC LTDA,,50.0,True,carteira_101,Regulamento 995970 · p. 39 · 2025-09-23,revisto — suporte estrutural total localizado,curadoria_documental_carteira_101,2026-08-07T01:49:52+00:00
57259989000170,TRES TENTOS FUNDO DE INVESTIMENTO EM DIREITOS CRE,,20.0,True,carteira_101,Regulamento 1016583 · p. 104 · 2025-10-16,revisto — suporte estrutural total localizado,curadoria_documental_carteira_101,2026-08-07T01:49:52+00:00
57270666000187,MOBILITAS FIDC RL,10.0,,False,carteira_101,Regulamento 769277 · p. 49 · 2024-10-31,revisto — mínimo júnior localizado,curadoria_documental_carteira_101,2026-08-07T01:49:52+00:00
57752597000148,AGROMERCANTIL CREDITO AGRO FUNDO DE INVESTIMENTO EM DIREITOS CREDITORIOS,30.0,,False,carteira_101,Regulamento 1200681 · p. 44 · 2026-05-21,revisto — mínimo júnior localizado,curadoria_documental_carteira_101,2026-08-07T01:49:52+00:00
57816252000100,NATURA PAY FUNDO DE INVESTIMENTO EM DIREITOS CREDI,25.26,25.26,True,carteira_101,Regulamento 1182394 · p. 28; 68 · 2026-05-07,revisto — mínimo júnior localizado,curadoria_documental_carteira_101,2026-08-07T01:49:52+00:00
58152340000118,MONEE II FUNDO DE INVESTIMENTO,30.0,30.0,True,carteira_101,Regulamento 1191019 · p. 105 · 2026-05-14,revisto — mínimo júnior localizado,curadoria_documental_carteira_101,2026-08-07T01:49:52+00:00
58171340000165,FRIMESA FUNDO DE INVESTIMENTO EM DIREITOS CREDITOR,1.0,,False,carteira_101,Regulamento 861191 · p. 51 · 2025-03-13,revisto — mínimo júnior localizado,curadoria_documental_carteira_101,2026-08-07T01:49:52+00:00
58288437000152,ALTOMAX FIDC SEG RECEB COM LTD,20.0,,False,carteira_101,Regulamento 1240668 · p. 94 · 2026-02-24,revisto — mínimo júnior localizado,curadoria_documental_carteira_101,2026-08-07T01:49:52+00:00
58291962000127,HELM FUNDO I E D C RESPONS,,20.0,True,carteira_101,Regulamento 957854 · p. 99–100 · 2025-07-30,revisto — suporte estrutural total localizado,curadoria_documental_carteira_101,2026-08-07T01:49:52+00:00
58349979000198,VOLKSWAGEN TERA FIDC SEGMENTO RECEBIVEIS COMERCIAI,25.0,25.0,True,carteira_101,Regulamento 826213 · p. 94 · 2025-01-28,revisto — mínimo júnior localizado,curadoria_documental_carteira_101,2026-08-07T01:49:52+00:00
58476088000100,CONSORCIO DALTEZ,33.33,33.33,True,carteira_101,Regulamento 852325 · p. 18 · 2025-02-25,revisto — mínimo júnior localizado,curadoria_documental_carteira_101,2026-08-07T01:49:52+00:00
61288838000117,FIDC MOVILE III,15.0,,False,carteira_101,Regulamento 1240846 · p. 114 · 2026-07-03,revisto — mínimo júnior localizado,curadoria_documental_carteira_101,2026-08-07T01:49:52+00:00
62393829000159,TOP 2025 V FIDC RESP LIMITADA,5.0,5.0,True,carteira_101,Regulamento 1242436 · p. 40–41 · 2026-07-08,revisto — mínimo júnior localizado,curadoria_documental_carteira_101,2026-08-07T01:49:52+00:00
62588266000154,VTK FIDC RESP LIMIT,5.0,,False,carteira_101,Regulamento 1002580 · p. 35 · 2025-09-29,revisto — mínimo júnior localizado,curadoria_documental_carteira_101,2026-08-07T01:49:52+00:00
62626887000185,TOP 2025 C FIDC RESP LTDA,2.9,,False,carteira_101,Regulamento 1152823 · p. 96 · 2026-03-31,revisto — mínimo júnior localizado,curadoria_documental_carteira_101,2026-08-07T01:49:52+00:00
62838025000116,TOP 2025 J FIDC RESP LTDA,10.0,,False,carteira_101,Regulamento 1058234 · p. 39 · 2025-12-10,revisto — mínimo júnior localizado,curadoria_documental_carteira_101,2026-08-07T01:49:52+00:00
63066147000102,FUNDO DE INVESTIMENTO EM DIREITOS,12.5,,False,carteira_101,Regulamento 1085946 · p. 12 · 2026-01-15,revisto — mínimo júnior localizado,curadoria_documental_carteira_101,2026-08-07T01:49:52+00:00
63546406000194,PINE INSS III FUNDO DE INVESTIMENTO EM DIREITOS CREDITORIOS RESPONSABILIDADE,1.5,,False,carteira_101,Regulamento 1130481 · p. 142 · 2026-03-05,revisto — mínimo júnior localizado,curadoria_documental_carteira_101,2026-08-07T01:49:52+00:00
63622842000103,DESBRAVA UNO ART ESP FIDC RL,50.0,50.0,True,carteira_101,Regulamento 1051646 · p. 69 · 2025-12-01,revisto — mínimo júnior localizado,curadoria_documental_carteira_101,2026-08-07T01:49:52+00:00
63657457000193,MSV3 FUNDO DE INVESTIMENTO EM DIREITOS CREDITORIOS RECEBIVEIS COMERCIAIS,25.0,,False,carteira_101,Regulamento 1205333 · p. 28 · 2026-05-27,revisto — mínimo júnior localizado,curadoria_documental_carteira_101,2026-08-07T01:49:52+00:00
63679792000192,BLUE HEALTH FIDC RECEB LTDA,20.0,,False,carteira_101,Regulamento 1101558 · p. 92 · 2026-01-26,revisto — mínimo júnior localizado,curadoria_documental_carteira_101,2026-08-07T01:49:52+00:00
65347578000164,ICRED INSS III FUNDO DE INVESTIMENTO EM DIREITOS CREDITORIOS RESPONSABILIDADE,2.5,,False,carteira_101,Regulamento 1211821 · p. 186 · 2026-05-25,revisto — mínimo júnior localizado,curadoria_documental_carteira_101,2026-08-07T01:49:52+00:00
65836995000170,DAYCOVAL 0410 FUNDO DE INV EM DIREITOS CREDITORIOS,,20.0,True,carteira_101,Regulamento 1184847 · p. 49–50 · 2026-05-11,revisto — suporte estrutural total localizado,curadoria_documental_carteira_101,2026-08-07T01:49:52+00:00
65873297000145,ARCELORMITTAL VERTICE FUNDO DE INVESTIMENTO EM DIREITOS CRED,12.0,12.0,True,carteira_101,Regulamento 1226438 · p. 34 · 2026-05-20,revisto — mínimo júnior localizado,curadoria_documental_carteira_101,2026-08-07T01:49:52+00:00
65976848000104,FUNDO DE INVESTIMENTO EM DIREITOS CREDITORIOS AGIBANK II,5.0,,False,carteira_101,Regulamento 1239452 · p. 35 · 2026-06-22,revisto — mínimo júnior localizado,curadoria_documental_carteira_101,2026-08-07T01:49:52+00:00
