competencia,n_veiculos,n_registros_classe,n_registros_fundo,pl_total,pl_fic_fidc,ativo_total,carteira_dc,dc_inadimplentes,dc_a_vencer_com_parcela_inad,inad_pct,dc_inadimplentes_ajustado,inad_pct_ajustada,carteira_dc_np,inad_pct_ajustada_ex_np,pl_condominio_aberto,pl_condominio_fechado,pl_exclusivo,x4_linhas_descartadas,x4_valor_descartado,captacoes,resgates,amortizacoes,captacao_liquida,cotistas_total,vl_cotas_total,vl_cotas_subordinadas,subordinacao_pct,x2_pl_coberto,vl_recompras,vl_substituicoes,tab4_duplicate_cnpjs,tab4_duplicate_rows_dropped,tab4_type_conflict_cnpjs,tab4_pl_conflict_cnpjs,tab4_class_preferred_cnpjs
2013-01,412,0,412,69051990816.48001,800653010.1200001,69867057960.02,58154196617.36,1404607301.44,7485101654.349999,0.0241531545983166,941709204.89,0.0161933146645668,5251514302.800001,0.0143406495727193,27815281950.47,40805193215.39,1629260982.7,0,0.0,5084899927.440001,5661826395.22,1120767875.68,-1697694343.4599998,21460,68977315497.3,20040807914.050003,0.2905420103633123,69014900443.99,148775875.56,4721094.92,,,,,
2013-02,414,0,414,70227445134.45999,848588423.04,69603606938.53,56748719854.649994,1399748067.18,7678902884.33,0.0246657205795154,883098094.4199998,0.0155615509333403,4745497513.44,0.0136846564407232,28557538560.27,41233692319.69,1510546465.26,0,0.0,5216945175.05,3504972744.57,1575191423.03,136781007.45000005,9087,69247459897.20001,20093580519.51,0.290170651015063,70191474912.33,158919374.16000003,3016511.91,,,,,
2013-03,417,0,417,68095643741.27,862038911.46,70566826882.37,58189105913.31,1362913275.78,7302809869.889999,0.0234221381199852,828254063.5799999,0.0142338338178615,5380146016.559999,0.0128155690394813,27845766209.83,39836299310.82,1612992481.72,0,0.0,12719428365.28,1206436096.55,1278089132.5,10234903136.23,8601,67999338058.130005,20647493026.69,0.3036425591237264,68087407083.61001,111260853.64,0.0,,,,,
2013-04,419,0,419,70202431319.89,860474601.02,70729291105.53,57638595743.83,1560748646.6799998,7255500679.029999,0.0270781865265527,911395163.68,0.0158122374759201,5283405998.98,0.0148202475779647,30611940545.1,39171301992.79,1696948243.03,1,3999999998.0,7205553244.160001,5903227871.6,1312626304.06,-10300931.499999523,8829,67291025648.850006,20266891284.16,0.3011826776117263,69139475964.45999,202081193.37,0.0,,,,,
2013-05,417,0,417,82130414632.10999,862395462.0300001,82912108669.75,62893334368.03,1459858187.62,7416524547.35,0.0232116519546795,787542866.0500001,0.0125218812766639,5445799891.89,0.0114503022294752,42904885817.21,38801032970.9,1700641536.27,0,0.0,17730653663.82,4920909392.85,1212693239.8300002,11597051031.14,8787,81289782578.97,19431752312.61,0.239042985429722,81221172334.81,144009099.25,0.0,,,,,
2013-06,415,0,415,93007240019.91,849984105.9,94965724312.35,65218220759.100006,1511337336.85,7266984842.59,0.0231735444367994,753236883.22,0.0115494853194825,5270939297.939999,0.0104254824296732,53545455016.58,39057515619.92,2081372036.03,0,0.0,15594812792.98,4701798356.71,671395356.92,10221619079.35,8817,91875309020.3461,19630280227.9461,0.2136621953957064,91737649813.29,292282443835344.6,0.0,,,,,
2013-07,420,0,420,89103816885.98001,1044745892.23,90356978265.29,71468967934.53,1543161393.83,6956433348.82,0.0215920481074195,827504185.62,0.0115785103596017,5265720118.049999,0.0097551239955819,50103901616.33,38590097494.85,1710031446.55,0,0.0,8618062739.39,11653787561.929998,794241165.89,-3829965988.429999,8451,89046772525.1893,18943182292.2893,0.2127329464628345,88978825834.62,147110312.25,0.0,,,,,
2013-08,420,0,420,83429386915.90001,1028281053.93,84150423349.95999,71669265369.41,1625456421.42,6716953538.11,0.0226799648781356,822921803.3000001,0.0114822134573077,5520439691.289999,0.0096560424627655,44404653236.38,38609909380.28,1813458736.5,0,0.0,9824992182.83,15451122153.0,652222823.07,-6278352793.24,8390,83614122803.32349,18825952553.903496,0.2251527842752804,83381436443.79001,166104798.76,0.0,,,,,
2013-09,419,0,419,81646833715.91,1027330408.51,82152492969.89,70695158070.64,1813016437.42,6992264939.14,0.0256455532019377,976432317.59,0.0138118697834203,5893713036.89,0.0108168506670635,42385184060.17,38967377297.62,1717290082.69,0,0.0,7555694610.889999,9718433976.99,1146877048.17,-3309616414.2700005,8324,81457829678.75919,19426836438.059196,0.2384894922277177,81379003672.70999,124626967.03,6115129.76,,,,,
2013-10,428,0,428,78563682492.29,1301696131.75,79372647279.99,67261239026.95,1991467181.94,7006695138.72,0.0296079467275657,1155009211.13,0.0171719883225346,6137751348.34,0.0146258002072883,39517777078.88,38771262011.68,1963547376.03,0,0.0,1750249620.68,925930784.45,1522513702.46,-698194866.2299999,8456,78119240311.90001,19161111207.74,0.2452803065062725,78536249248.14,206353175.52,0.0,,,,,
2013-11,430,0,430,83088917751.1,1372636086.9299998,83856075137.49,71698572187.73,2010705014.07,6147930522.220001,0.0280438640926534,1132406729.42,0.0157939927514176,6444462287.62,0.0131691808495352,44468461998.66,38440331673.8,1869299116.41,0,0.0,1446437938.41,1252375004.3400002,956220451.04,-762157516.97,8534,82784382286.61,19114857007.77,0.230899313128797,82741929593.21,145099079.3,0.0,,,,,
2013-12,430,0,430,84521499149.37,1631880191.59,85235173661.1,71271286345.85,2236480079.34,6298680981.530001,0.0313798191951705,1298772267.57,0.0182229384954215,7309220464.76,0.0153773608360074,44787885397.939995,39733613751.43,1796668706.93,0,0.0,4014174604.15,29113581291.91,851679058.52,-25951085746.28,9410,84258235501.123,19509246992.583,0.231541129203008,84304331063.03,163068245.84999996,0.0,,,,,
2014-01,431,0,431,85879786096.91,1660637709.9400003,87036131184.6,67414729896.549995,2616403114.54,4990512281.599999,0.0388105554758574,1673515647.19,0.0248241838209255,7153915012.84,0.0210270001488567,46270783514.08,39609002582.83,1780299820.98,0,0.0,12786234794.17,10977306596.160002,929940591.48,878987606.5299983,8713,85495587020.1673,19095998769.6473,0.223356543129446,85511143478.5,169980996.76000002,0.0,,,,,
2014-02,430,0,430,80087063970.5,1673564710.2299998,88675619371.09999,69263522411.29001,2635097340.0200005,4984996737.360001,0.0380445182151244,1786582781.81,0.0257939925607766,6990523213.75,0.0222723894832865,41136891177.21,38950172793.29,7181025384.78,0,0.0,12253804043.54,11397413432.77,801296241.73,55094369.03999853,8681,79683247316.86002,19014041955.35,0.2386203197736252,79689731387.01,225004935.76,0.0,,,,,
2014-03,435,0,435,82008316621.08,1691884977.35,82914988107.26001,68819634054.05,2592350082.42,5160394962.98,0.0376687571512514,1662621888.4899998,0.0241591213226184,7130130389.719999,0.020682527595983,43602540459.24,38405776161.84,7053066502.6,0,0.0,28477183513.59,28999940323.02,1101981416.79,-1624738226.2200005,8717,78174118507.00821,19078008781.730003,0.244045077144294,81387415543.1,155852878.74,0.0,,,,,
2014-04,436,0,436,76178864842.94,1691007748.53,91560388178.52,64012437402.12,2683698467.4300003,5209713184.809999,0.0419246411532693,1642593630.69,0.0256605387539203,6998058535.289999,0.0223340804012656,37448951410.22,38729913432.72,6810791203.91,0,0.0,21249917762.59,16332686438.430002,781915273.73,4135316050.429998,10014,82288789818.06981,19119224829.48,0.2323430065231267,75960894611.05,177504002.46,0.0,,,,,
2014-05,446,0,446,77467668384.69,1851916578.03,89862897711.98001,73026535736.88,2515614872.51,4994400357.98,0.0344479557619157,1478033914.55,0.0202396827349919,7034868254.92,0.0195644546530505,38358872810.36,39108795574.33,5711234595.71,0,0.0,2671753532.7200003,3391515941.54,746553691.77,-1466316100.5899997,11522,77310271396.9107,19988268767.550003,0.2585460949287099,77427329124.25,134978764.25,0.0,,,,,
2014-06,456,0,456,74995502202.05,1873454254.19,85004513986.78,69907928657.42001,2643266170.77,4988199728.599999,0.0378106778663573,1561099835.47,0.0223307980289343,7285467369.940001,0.0182396067172524,35420227963.8,39575274238.25,5527428010.59,0,0.0,10591860812.05,13216641905.18,762180353.72,-3386961446.8499994,11055,74721705179.658,20122292235.71,0.2692964806856151,74739669491.45999,824322012.01,0.0,,,,,
2014-07,458,0,458,76775602465.01999,1891972200.87,86420213547.48999,71572447859.84,3469799671.7,4438170559.09,0.0484795445098495,1441370477.14,0.0201386220569489,7329940599.639999,0.0165880330133099,37634742886.05,39140859578.97,5479035934.09,0,0.0,18375415276.07,16730096218.88,1090074387.31,555244669.8800006,11105,75423058370.722,20033648862.67,0.2656170313884637,75445864882.20999,467721950.9499999,0.0,,,,,
2014-08,462,0,462,73416048421.88,2083929250.16,84738417571.86,68178398629.96001,3585307577.17,4047086247.25,0.0525871485575563,2392857905.1099997,0.0350970095102599,8973932266.410002,0.0173931892573223,34302331964.28,39113716457.6,3119065209.4700003,0,0.0,11606299634.11,14662843919.37,972780515.86,-4029324801.1200023,10935,73357116912.7157,20369138523.67,0.277670925206975,73411738205.42,461547656.0500001,0.0,,,,,
2014-09,466,0,466,74721666110.22,2012300002.73,75694780673.41,58968946138.3,5144838434.88,3917379504.95,0.0872465725063798,1776898974.27,0.030132791759626,7794078703.52,0.0264661347311963,34352198548.56,40369467561.66,3035419740.4,0,0.0,16618673970.65,14181128085.72,895512649.4499999,1542033235.4799986,11116,75429908540.4422,20234395015.86,0.2682542695250811,74487808619.06,180027025.49,0.0,,,,,
2014-10,465,0,465,76742257500.18,2102460642.78,76274415652.18,61685749317.92999,5403566846.75,3524235805.52,0.0875983011716348,1692842258.12,0.0274430038840096,8526875868.33,0.0241366618287441,34757436627.35,41984820872.83,3034860895.0699997,0,0.0,15490328934.55,14959234331.85,586891126.89,-55796524.19000113,11366,75519367537.931,21109055871.91,0.2795184408993836,76560567443.68,208975319.36,0.0,,,,,
2014-11,472,0,472,75928450115.70999,2087374424.52,76116065867.03,61421941879.65,5171410271.59,3478413402.02,0.0841948351571633,1662698111.19,0.0270701000376687,8609653147.279999,0.0239878203309813,35028758754.94,40899691360.77,3159252208.3199997,0,0.0,10278782983.58,1584166688.9,803431310.4,7891184984.280001,11424,76386133376.1746,21450055850.18,0.2808108605857307,75736750257.35,269113540.6,0.0,,,,,
2014-12,477,0,477,76436831792.10999,2127803041.57,78494858033.92001,64082040718.25,5402034404.2699995,4051715033.93,0.0842987261910269,1866357022.82,0.0291244941937137,9343962651.57,0.0256013343293292,36075944075.87,40360887716.24,3314449055.31,1,138826784784.02,19315486444.91,17454853485.04,1761904908.41,98728051.45999885,11402,76324967406.8064,21643836955.839996,0.2835747946079027,76339989846.19,207811830.0,0.0,,,,,
2015-01,476,0,476,71989010730.87,2146084644.61,74125731319.94,58044440768.68,5404119774.33,3939842901.62,0.0931031413648486,1670681680.6,0.0287828025987542,9148252160.58,0.0252410342653076,32194895355.06,39794115375.81,3314062227.3199997,0,0.0,11794602253.67,16042679337.84,845404277.99,-5093481362.16,11430,71918167346.0604,20762714576.15,0.2886991610373309,71988413839.42,979610612.07,0.0,,,,,
2015-02,482,0,482,72980949615.88,2188002218.4300003,74384066654.74,59421568505.649994,5677309580.02,3034206061.68,0.095542910138432,1794847480.8,0.030205319817994,9167443728.92,0.0230039900270097,33384857241.200005,39596092374.68,3315957576.76,0,0.0,10625194366.87,10638235974.35,466501925.51,-479543532.98999953,12081,72923214557.9794,17656881796.5461,0.2421297786112755,72980054041.91,225894165.72999996,4830088.37,,,,,
2015-03,488,0,488,73541905327.28001,2199710940.09,56499515892.34,43766958976.44,5288145188.16,2769038142.5499997,0.1208250541465912,2200562658.8300004,0.0502790851887739,9292805636.990002,0.0417200650214125,33869189639.58,39672715687.7,3311776672.63,0,0.0,12073553146.78,11757433492.44,592912452.6899999,-276792798.3499979,11991,72395035076.0073,16862157397.11,0.232918699181601,72461419910.84,424565527.3000001,19456850.55,,,,,
2015-04,488,0,488,77509197773.28,2246620158.0200005,56827827686.630005,42420356464.18,5185220708.16,2417666685.0800004,0.1222342559176378,1822045658.92,0.0429521534185726,9504134359.56,0.0348638628656272,37608450646.42,39900747126.86,3439424768.66,0,0.0,14721525139.16,10914198979.89,531170214.57,3276155944.6999984,11646,77482348985.6189,17243812089.95,0.222551488380283,77508640718.14,238971558.83999997,0.0,,,,,
2015-05,494,0,494,75124669704.16,2249110994.23,75868172403.26999,61040576493.95,4792875160.700001,2865669035.78,0.0785194936875316,1444177675.58,0.0236593059654857,9695767653.81,0.021821492062389,34307757326.12,40816912378.04,3600232115.88,0,0.0,11482158493.68,14133006658.04,552003527.5,-3202851691.8599987,12257,75237677191.60709,18230223882.9,0.2423017903180777,75124287478.82999,298010923.90999997,0.0,,,,,
2015-06,504,0,504,78975222019.69,2257864184.3700004,79503245707.95001,63745156615.82,5140372703.619999,2789461573.1099997,0.0806394238639972,1772381167.8099997,0.0278041699464604,10421307897.76,0.0240727608713518,37562619084.65,41412602935.04,4517917060.12,0,0.0,16051723600.84,11835685211.49,1033736803.07,3182301586.28,12360,78445826411.1653,18406974174.730003,0.2346456786400826,78452699840.86,305933402.06999993,0.0,,,,,
2015-07,509,0,509,77675112198.25,2246813857.3099995,75877081919.38,62586632023.91,5111794286.959999,3116440106.07,0.0816754971733762,1791932759.3599997,0.02863123803619,10739232345.54,0.020962898601517,36076640537.73,41598471660.52,4621799224.47,0,0.0,13948371496.59,14855587324.520002,1197385042.4099998,-2104600870.340002,12732,77545618282.1033,17682506875.31,0.2280271570081856,77674299404.17001,301088381.54999995,4122113.74,,,,,
2015-08,498,0,498,79218771470.27,2208656238.0,79600444906.09,62057072600.26,5230291800.460001,2832472735.71,0.0842819614478251,1902457443.37,0.0306565773030361,12305658785.42,0.0230255068554112,36820413577.26,42398357893.01,4609911365.62,0,0.0,11866116747.29,11592136090.87,527245817.57,-253265161.15000185,12380,79103878433.1073,17820983439.33,0.2252858367039484,79110833580.03,272395585.5,2748737.07,,,,,
2015-09,516,0,516,84554671176.61,2138214238.56,84915725498.45,64788560474.30001,5054836992.52,2908610040.52,0.0780205171331924,1678998877.3000002,0.0259150514382244,11034778480.670002,0.0208515255983816,42624683331.97,41929987844.64,7398506449.71,0,0.0,17389045972.34,11901271746.56,671401029.9,4816373195.880001,11965,83954445035.94069,16984478444.21,0.2023058866857971,84143750119.55,305678694.65999997,1628399.57,,,,,
2015-10,520,0,520,79922852859.86002,2164633607.5499997,81335271808.55,66409779812.93,5036507992.780001,3002470269.6,0.0758398538132088,1857388866.2,0.0279686044951825,11238553021.05,0.0252218581400985,38496338175.579994,41426514684.28,6079627713.47,0,0.0,12823263025.0,16964681278.429998,506826383.59,-4648244637.019999,12190,79931622307.8377,17148579470.93,0.214540615788909,79917725838.03,360861102.96,0.0,,,,,
2015-11,519,0,519,84169050198.17,2133324939.3,84021793028.78,65892013978.52,5151660134.4,3356216336.8599997,0.0781833764571132,1545682063.7800002,0.0234578057408273,12409657932.620005,0.0212019066410767,40853703867.18,43315346330.99,6720557219.09,0,0.0,15697392822.149998,12697989288.81,496840250.64,2502563282.6999984,12281,84080600281.173,18169768173.19,0.216099410713395,84102546257.73999,511849608.6400001,0.0,,,,,
2015-12,527,0,527,84691001574.42001,2217055347.86,85068010087.19,70860951194.1,5402787223.51,3397634931.7,0.0762449153231215,1824645055.06,0.0257496551247525,13635424919.41,0.0229750944501405,39758329290.04,44932672284.38,6653873004.33,0,0.0,19479101527.51,19647778974.78,838177380.6,-1006854827.8699968,12508,84633972810.46251,19070635298.15,0.2253307349858032,84643749041.01,774062754.19,0.0,,,,,
2016-01,526,0,526,84317947022.03,2249357919.38,85040004466.5,72385579800.89,5476646138.52,3261329396.9199996,0.0756593530587795,2176651124.75,0.0300702312634268,15655923194.27,0.0256781370293013,39827616735.57,44490330286.46,6736238828.53,0,0.0,14382461549.69,14449032383.89,1345691274.3400002,-1412262108.5400028,12198,84313403880.7044,18904178337.19,0.2242132029675572,84295084242.32999,333623844.2,0.0,,,,,
2016-02,525,0,525,83686775750.20999,2251607724.95,84188178196.95999,68076801791.92999,7400671985.02,2808574226.79,0.1087106296156423,2239407351.92,0.0328953078431111,14891615638.89,0.0279662152884085,38536816825.77,45149958924.44,6275715866.35,0,0.0,14373606836.990002,15662420668.99,733006445.28,-2021820277.279998,12099,83743320205.43571,19414587248.51,0.2318344579708915,83626610540.69,353984584.5,0.0,,,,,
2016-03,530,0,530,81201821665.95,2161299578.8500004,82243161616.48999,66097710671.67,7831160196.889999,3264047763.6099997,0.1184785390796673,2368533644.26,0.0358338226875257,15376020236.43,0.0311325400734848,37533430773.43,43668390892.52,6213063680.849999,0,0.0,14389493956.46,15707607418.08,1319843818.14,-2637957279.760001,12181,81012410716.8737,18815181044.5508,0.2322506005938652,81171993237.96,331396022.14,0.0,,,,,
2016-04,534,0,534,82550918482.04001,2107588579.85,82487059466.66,67748866324.799995,7999333430.839998,3547978403.43,0.1180733178986314,2277383097.0699997,0.0336150731460482,15609112770.940002,0.0282749699291752,38744464606.61,43806453875.43,5626208378.68,0,0.0,13479832767.47,12276461279.9,1027385009.17,175986478.40000153,12104,80474015159.03049,19176453949.64,0.2382937388142499,82534419700.15,558922240.3299999,0.0,,,,,
2016-05,541,0,541,80157834858.12001,2091188317.1200004,183527862931.08,167771106283.59,7927861324.02,3617771209.15,0.0472540325902079,2026025842.54,0.0120761309108573,116946016132.36,0.0246918099431965,37402509201.02,42755325657.1,5578681247.02,0,0.0,12724873453.32,13912233576.74,912592905.57,-2099953028.99,13094,79751094399.6272,19226820641.800003,0.2410853517000749,80112643954.27,445142939.91,0.0,,,,,
2016-06,548,0,548,78647490131.52,2133013806.08,80564618175.69,67097402215.88,8316145587.53,3230337246.0,0.1239413943445013,1940648449.97,0.0289228552206258,14975368207.55,0.0227452362323491,36034590619.93,42612899511.59,5816805019.32,0,0.0,10972398591.48,12409160179.1,953562238.81,-2390323826.430001,13215,78472330319.81589,19083235390.1212,0.2431842575892293,78607406773.19,421876019.85,0.0,,,,,
2016-07,552,0,552,83478901036.45,2064168968.7999997,85138553124.39001,69899904307.64,7776363806.340001,3346473507.84,0.1112499921618641,2183185045.93,0.0312330190942962,15856487850.11,0.025362930721028,41205671254.25,42273229782.2,5852677336.85,0,0.0,13731548013.2,8678284840.050001,608229193.61,4445033979.54,13058,83004533471.7139,18817350899.83,0.2267026885494457,83254572398.12,409148158.7,0.0,,,,,
2016-08,560,0,560,86598300479.04001,2064845463.6399996,88595031628.01,70442420155.3,7933495455.34,3295882823.99,0.1126238343011145,2326927918.74,0.0330330490294054,17831462676.32,0.0275806610236991,42309137422.94,44289163056.1,7267881352.7,0,0.0,15722705185.53,14896439302.99,912700599.78,-86434717.23999906,13319,85441924313.7617,19537408519.3814,0.2286630208331416,85590805782.86,467748046.97,0.0,,,,,
2016-09,561,0,561,87251904214.95999,2201371502.9,88521260094.51001,70594447301.47,8186231336.279999,2902390729.24,0.1159614055949912,2258591430.75,0.0319938963627663,18567073710.16,0.0249813814310451,42317461023.18,44934443191.78,7669144439.04,0,0.0,14435208149.16,14029974581.69,690230679.95,-284997112.4799988,13406,86730763433.3959,19572500361.4175,0.2256696423114968,86868858004.79999,424060517.1700001,0.0,,,,,
2016-10,566,0,566,86906407866.81,2393848841.8799996,88029586557.45,75507200897.01001,7552724979.93,3518887449.17,0.1000265523050143,1917122236.41,0.0253899259095156,22615673525.29,0.021606490165588,39064607736.84,47841800129.97,7669905910.21,0,0.0,13746317870.36,1356362645.86,777787687.58,11612167536.919998,13879,86090254542.644,19962409027.54,0.2318776861979402,86494739143.17,485851077.2399999,0.0,,,,,
2016-11,567,0,567,89129311018.69,2665856399.0199995,91425728825.36,78124310314.35,7817848354.160001,3434310416.8599997,0.1000693423430325,2135703597.63,0.0273372473822365,24235774103.42,0.023191789269394,39558034017.35,49571277001.34,6724839545.56,0,0.0,19407378971.54,17573394273.86,806687119.27,1027297578.4100004,14064,88330460562.29082,20425216992.78,0.231236391871591,88675802957.28,474857669.43000007,1122836.49,,,,,
2016-12,575,0,575,93803241587.05,2736601826.3199997,96856414767.05,82190729840.0,8342700105.83,3127056651.5599995,0.1015041492157408,2534275198.79,0.0308340758589618,27148882401.219997,0.0257832627812584,42022354140.73,51780887446.32,6783097386.07,0,0.0,20873523037.93,17400518102.920002,995177626.83,2477827308.1799984,13872,94077429641.671,20958645763.4,0.2227808077158233,93606648252.01,519196379.94,0.0,,,,,
2017-01,586,0,586,89372048939.82,2768205430.52,92724028174.16,78256825900.48,8639574774.34,3522650949.64,0.1104002708380612,2922522770.9800005,0.0373452761129949,26886168714.879997,0.0280165292419782,37136677084.25,52235371855.57,7074844139.61,0,0.0,15067587666.89,19963986340.08,596490379.01,-5492889052.200003,14154,87442009632.5442,20930252302.14,0.2393615195956129,87700589429.08,509311409.80999994,0.0,,,,,
2017-02,594,0,594,91877603717.75,2771610286.7200003,96215598621.34,81322274630.98,7334940310.739999,4984053959.63,0.0901959560775213,2916912757.88,0.0358685584130081,28068830342.79,0.0237532197920299,39900637237.75,51976966480.0,7002149660.76,0,0.0,14267228905.48,10434993674.96,640102631.5,3192132599.0200024,14117,90470541601.86732,20634773424.72,0.2280827887106856,90749481710.96,563894024.48,0.0,,,,,
2017-03,603,0,603,94200168880.35,2727276910.6099997,97015529301.09,75118462376.46,9064373478.71,3381475276.6000004,0.1206677185867227,3035468458.42,0.0404090866930634,26178399018.25,0.0278192233280303,41013191515.23,53186977365.12,7439512517.6,0,0.0,18709987783.09,17880406854.88,759803014.33,69777913.87999904,14364,84439635419.6919,21176031325.51,0.2507830738522067,84816111707.35,566698750.7,0.0,,,,,
2017-04,612,0,612,90732800394.03,2590001934.62,94957528399.38,79506671223.09999,7080307804.449999,5189559811.7699995,0.0890530026666853,3257820073.57,0.0409754304066935,27586900300.19,0.0268272297989933,37794705337.06,52938095056.97,7142008336.059999,0,0.0,12663165945.04,16598701106.88,629561646.35,-4565096808.189999,16017,80566617478.6851,21664132264.46,0.2688971306284704,81086739557.90001,447402153.36999995,0.0,,,,,
2017-05,620,0,620,88161106690.67001,2808276195.28,90796018323.56,75083463557.62001,9399534399.87,3293461067.0600004,0.1251878103979137,3787509942.04,0.050443996088878,24803924135.79,0.0356814727650642,35636502208.2,52524604482.47,8251827089.559999,0,0.0,12639384160.09,15428778917.36,657921119.06,-3447315876.3300004,14448,87424160805.8077,21591498642.730003,0.2469740452034817,87881380032.82,503577129.73,0.0,,,,,
2017-06,626,0,626,90538103924.23,2799651690.7100005,95175035640.58,78869040609.36,9085587694.83,2852609081.12,0.1151984051616794,3078442253.3100004,0.0390323278884244,26579267529.469997,0.0275656585315025,36713820221.6,53824283702.63,7995386335.63,0,0.0,17824912449.57,15307714146.86,915021864.05,1602176438.6599991,14053,90989542958.2516,22176095288.76,0.243721361463866,90358550027.67,503367456.54,0.0,,,,,
2017-07,630,0,630,94518711984.59,2901341263.67,97294798282.54,74826762229.57,6988932786.25,3163665519.920001,0.0934015127476425,3021665885.87,0.0403821546708043,25945429141.84,0.0293348426700322,35454563728.51,59064148256.08,7650914177.82,0,0.0,14381204945.66,15825688342.58,723972061.13,-2168455458.05,14158,93847166087.8479,23780509169.44,0.253396135022124,94309683970.9,477620404.35,0.0,,,,,
2017-08,642,0,642,102852724438.57,2877737716.3500004,105692423950.43,79045145537.76999,8737014030.230001,2757382428.92,0.110531949442173,2723815089.2500005,0.0344589800008462,22624730035.129997,0.021143540653191,46536896949.48,56315827489.09,8065634470.87,0,0.0,25082320402.840004,17795207185.29,732832239.78,6554280977.770003,14439,101875583513.33228,23139195691.629997,0.2271319082908792,102195157932.11,519067121.65,0.0,,,,,
2017-09,656,0,656,99494448286.9,2867234169.8900003,102606458245.87,79936266203.91998,5101246316.860001,4682404202.02,0.0638164197442817,2688489649.84,0.033632915039859,21921256612.88,0.0201631796954949,42355527924.13,57138920362.77,7832125499.94,0,0.0,14572873257.499998,18533014497.14,647552723.63,-4607693963.270001,14838,99016678579.80553,25866674573.2,0.2612355306621597,99375712989.08,543820940.32,0.0,,,,,
2017-10,672,0,672,93431299220.67,2967939173.5,96269494744.5,78743902966.67,6740455520.65,2760553409.03,0.0855997133327648,2706534920.1400003,0.0343713585201078,20602472019.89,0.0207656057111003,36102820101.52,57328479119.15,8006847055.5,0,0.0,13554123627.63,20244751195.57,846561045.41,-7537188613.35,14655,93086207326.935,27324251869.2,0.293537062620163,93333958573.93,502423681.32000005,0.0,,,,,
2017-11,694,0,694,96170311041.17,3094248731.2499995,98812303834.64,82647675933.23,9772790935.01,2780133274.9,0.1182464095288694,3644145400.78,0.0440925332700711,21050846048.79,0.0236227015888616,37737899182.45,58432411858.72,7990850611.69,0,0.0,15252017373.85,13550043522.17,568356202.64,1133617649.0400004,15455,95862839419.8595,29043085516.89,0.3029650038810896,95958992714.3,529231553.0499999,0.0,,,,,
2017-12,750,0,750,115248038417.62,5014084339.129999,116690142706.54,95753524068.51,9407016902.03,2912889592.6200004,0.0982419915459136,3725563853.2,0.0389078510628436,23934139694.99,0.0201376714257,48721187529.13,66526850888.49,8774192139.51,0,0.0,26700255815.590004,13250447932.52,684124662.69,12765683220.380005,16049,115257839183.3316,32928526254.35,0.2856944611114319,115174966353.77,558147329.89,0.0,,,,,
2018-01,752,0,752,116047749951.71,5309955814.28,120116302914.1,94483168060.32,9213059243.7,2299802135.4700003,0.0975100584880705,5664113807.280001,0.0599483899996231,27983793023.77,0.02020479195709,46801476694.99,69246273256.72,10888880712.85,0,0.0,19617538380.44,19591642119.63,650881215.09,-624984954.2799987,16321,116288231388.04442,38815405911.844604,0.3337861918487756,115933696122.45,578984617.62,0.0,,,,,
2018-02,766,0,766,113838901733.6,7060611982.379999,119969579992.84,91920231356.06,8692709966.33,3086785620.09,0.0945679731011351,4857558275.0199995,0.0528453660674969,27194278866.4,0.0201260099022583,42196576046.12,71642325687.48,11112755130.58,1,146661579577.05,12143407975.06,1853807030.7,672181252.33,9617419692.03,15368,113396231723.83612,37177007124.236,0.3278504634508178,113555733718.77002,494883371.7099999,0.0,,,,,
2018-03,785,0,785,118032923450.44,7303468886.749999,124608329056.36002,96892159044.49,8871481708.97,2699317855.63,0.0915603676959709,3207068913.9700003,0.0330993647535236,26411172566.89,0.0179117878036685,43572152936.94,74460770513.5,11374154542.91,1,7575000000.0,14863626544.49,12315081390.14,545671620.38,2002873533.9700005,16595,116077542538.46828,40720668357.033195,0.3508057412874527,116814435970.93,635105167.52,0.0,,,,,
2018-04,798,0,798,125733367487.25,8181625298.179998,128515748210.87,98309845682.35,7946787582.950001,4576628376.07,0.0808340968068137,2896719303.38,0.0294652003904026,26122758621.58,0.0166792123072704,47182715090.7,78550652396.55,11003109459.6,0,0.0,16685238235.54,12648704072.080002,537574569.11,3498959594.349999,16972,123869160239.44987,41372878296.2124,0.334004672480503,123767921920.57,633477691.66,0.0,,,,,
2018-05,821,0,821,120000463113.28998,8308005291.640001,123919128856.31,90198481386.1,7566221202.609999,4491893786.440001,0.0838841307119388,3160286512.5600004,0.0350370257236616,25181306166.25,0.0197426211489438,41997430905.75,78003032207.54,11120069837.44,0,0.0,15292765877.89,19910826738.03,544667720.02,-5162728580.16,16806,119230504759.91428,42883947922.873795,0.3596726190937969,119237656921.7,619918766.9300001,0.0,,,,,
2018-06,824,0,824,126115560481.71,8461159704.320001,128189359348.63,95058281596.16,8240159855.08,3979772535.480001,0.0866853441564093,3258733520.99,0.0342814267865077,25407288434.910004,0.0194899310105636,45582781956.45,80532778525.26,10367209752.59,0,0.0,17173676229.52,11995754002.17,1775695198.77,3402227028.5800004,17414,125719419166.1941,43438401436.6159,0.3455186296970776,125986545239.56998,632197274.77,0.0,,,,,
2018-07,834,0,834,127858304986.02,8431699847.9,133090789571.14,96351485610.47,6766906802.040001,4319818887.33,0.0702314734346418,5208727697.51,0.0540596511253376,24576573209.769997,0.0186545184588332,46117990811.079994,81740314174.94,12180797319.59,0,0.0,17067525090.52,3298128269.01,651501415.0600001,13117895406.45,17010,127067819413.4553,46943899005.813995,0.3694397151261971,127086607161.23,658988155.13,0.0,,,,,
2018-08,846,0,846,128543409266.27998,8688942309.190002,131052875765.75,97760092454.22,6897809726.860001,4451121041.549999,0.0705585434065559,3521697956.09,0.0360238811940483,25601304231.62,0.0206004536666322,44542162244.35,84001247021.93001,12048144710.45,0,0.0,15199894323.33,16172967078.53,560887833.3,-1533960588.4999988,23803,126033073700.9179,46768358312.69231,0.3710800422409415,127310001355.05,760306708.0799999,0.0,,,,,
2018-09,857,0,857,130546002952.83,8842191227.699999,136688465810.44002,101386385838.76,6826296581.950001,4504570585.29,0.0673295189041082,5499991030.59,0.054247826126645,25349115840.9,0.020445424057883,46005249413.85,84540753538.98,10790423094.64,0,0.0,16218724279.22,13191006067.71,630903403.8199999,2396814807.6900005,17600,128557221365.815,48026095184.7653,0.3735775763860438,129244087487.07,604893671.76,0.0,,,,,
2018-10,868,0,868,133970119263.28,9238578621.09,139509942936.82,100801368441.16,9094416544.24,4401695126.440001,0.0902211615266772,6006369348.2,0.0595861885714979,25535489247.160004,0.0233628486217188,47061019028.4,86909100234.88,10848313799.03,0,0.0,21113391031.0,18758789999.25,814531424.0,1540069607.75,17507,129973275717.2992,47372227709.05679,0.3644766775909737,131394977588.65,962342659.7,0.0,,,,,
2018-11,882,0,882,136339190820.23,10143091994.410004,144982215127.33,104322753363.27002,7568854126.89,4860878742.400001,0.072552284931878,6333827554.860001,0.060713769054815,26991131594.85,0.0272785115149551,46871714656.66,89467476163.57,12111356320.07,0,0.0,17187120536.079998,15421332740.92,728008207.2,1037779587.959998,16835,132098455180.9638,51545986977.7435,0.3902088552597365,133710435806.18,760648689.74,0.0,,,,,
2018-12,890,0,890,141570227292.01,10351475725.71,145893868695.3,106120687525.4,8682935916.09,4616669212.700001,0.0818213311519654,3618290396.72,0.034095994674497,26600802893.29,0.022074074609902,49853575564.93,91716651727.08,11467970729.31,0,0.0,26665495068.23,20958970183.66,1040243970.66,4666280913.91,17678,137096638429.5965,51530178287.2504,0.3758675550145804,137969048928.17,826465300.82,504994.5,,,,,
2019-01,880,0,880,147968258468.12,5743856806.349999,146640828920.47,105388198811.9,11908150018.09,5091968075.37,0.1129932018227583,4829975591.12,0.0458303267877334,11572392180.2,0.0444827980450353,55880096738.83,92073763474.91,13080602729.79,0,0.0,14666296367.11,13979133945.43,860860144.97,-173697723.29000163,17913,139008761251.80933,54632996391.62045,0.3930183673290546,144591547005.33,900833108.84,0.0,,,,,
2019-02,898,0,898,170657614687.82,5803620919.33,167258333613.61,113722702760.49998,11514953531.95,4981741049.900001,0.1012546593814297,4264817778.41,0.0375019030931027,11800165148.84,0.0348199085428187,74873391600.66,95768387679.94,11739505062.06,0,0.0,33287725519.11,13768087467.72,634310938.35,18885327113.04,18284,166280602967.27466,63986183241.666626,0.3848084629225191,166400636783.53,732759813.26,0.0,,,,,
2019-03,911,0,911,166290656905.68,5861078500.71,166154884232.09998,120060515393.08,9740424508.14,4673915815.92,0.0811292911433013,4189831713.2,0.0348976655604253,11698383933.53,0.0312646288325793,69347747543.14,96926187308.52,13479816888.12,0,0.0,16231458052.51,20387638803.65,795058551.61,-4951239302.750001,18007,162663088996.48035,64832220067.07022,0.3985674959638387,163062681396.99,680382834.87,0.0,,,,,
2019-04,921,0,921,162341839533.75,5679120781.030002,161057097539.69,115498385255.65,12706846163.94,4429840357.68,0.1100175222001071,4331332777.13,0.0375012409701036,12033631376.3,0.0341535362445323,63483384843.09,98839549311.33,11857826667.49,0,0.0,18289835577.77,22799097137.83,961105659.05,-5470367219.109998,17556,156991076450.23947,62370066397.49266,0.3972841502062171,158048748774.44,798313490.6400001,0.0,,,,,
2019-05,925,0,925,201620409555.89,5729946453.11,203052755377.68,156498545369.45,31636745132.840004,4563063924.13,0.2021536050584646,4658300376.15,0.0297657742770262,11904766165.59,0.0265793573576324,101706373384.97,99895057139.41,14892601778.28,1,81000000000.0,52890444340.84,14492364043.98,926650397.7,37471429899.16,17690,197398444999.97333,66421198542.09537,0.3364828863880075,197656568309.09003,910050291.36,14782789.62,,,,,
2019-06,938,0,938,216690282904.89,5777412559.4,159613320106.49,99628916209.64,32451054010.059994,4474510361.56,0.3257192313703003,6208920787.939999,0.0623204690380766,11574205946.02,0.0608286465320747,112725989317.37,103940748206.12,15346291019.01,1,611680820000.0,48886379346.46,31852733581.47,718522297.25,16315123467.739998,17766,209548392687.63474,69586789145.24428,0.3320798038712445,214777543209.85,705044155.28,20170403.71,,,,,
2019-07,945,0,945,212138335219.54,5926629226.28,211444172141.6,154817468327.51,31415795011.699997,4310613289.24,0.2029215136449665,5069475631.65,0.0327448555154366,11931692967.56,0.0303990311529462,103263465281.08,108847030728.78,17681495582.0,6,2668116100000.0,21731022796.66,28938641161.68,736803529.58,-7944421894.6,17994,195147313251.74316,67452425238.638596,0.3456487517797587,210269991510.48,780858746.02,0.0,,,,,
2019-08,969,0,969,212613887362.29,6940416657.379998,218348005394.16,160941196292.34003,36527281492.13,4299077160.32,0.2269604199149879,10266226844.039995,0.0637886823296131,12640948824.95,0.0643146385398803,99769070311.26,112813424769.86,18758463818.67,0,0.0,17610261932.13,18654706098.19,1551202937.38,-2595647103.4400015,18075,205784779369.0107,68661268423.263275,0.333655718531742,211391734640.29,685280940.11,0.0,,,,,
2019-09,992,0,992,231201780354.10995,7068621611.500001,229454447270.37997,162567827682.54,32465298850.910004,5077501827.719999,0.1997030981696313,5386201857.639999,0.0331320282396717,13869019119.48,0.0311650929834096,105777120580.58,125389979341.56,17736768258.58,2,29999999970000.0,27744883773.81,10693539529.93,1446131810.3,15605212433.579998,18383,227638155010.9838,75542647155.89197,0.3318540652916772,230633855180.15,700186136.6800001,11157390.75,,,,,
2019-10,1004,0,1004,234211985847.69,7333486372.22,235075532952.61996,160029909271.45,32880993636.05,6696476252.66,0.2054678015237499,5788300988.11,0.0361701197886178,13458119879.87,0.0341364715018443,106806866238.42,127365890121.66,19663994064.72,3,10621837380000.0,23509968234.91,20422639454.78,2817464367.5299997,269864412.60000134,18525,232602530626.53485,81073416576.20033,0.3485491596235954,233745554358.51,950524642.36,850321.39,,,,,
2019-11,1020,0,1020,242348755878.31,7344328832.59,242177785476.19,157572665040.06,35781356149.5,8005598770.049999,0.2270784475238978,8102076678.759999,0.0514180341920357,12606467820.29,0.0505851981000984,113549269489.27,128760301778.32,19705300606.07,0,0.0,22361973748.27,11636713272.35,889781039.85,9835479436.07,25677,237029903847.74716,75701175372.4939,0.3193739445682747,240616750588.8401,783964318.3799999,0.0,,,,,
2019-12,1042,0,1042,237443419707.87,7459670380.239999,237638793127.68,182228665371.73,36030116366.240005,9221540120.64,0.197719257246064,8262512401.07,0.0453414526425643,12758446910.34,0.0446771031483917,103467484105.89,133936907493.31,20028498206.89,0,0.0,62780281788.32,70580344266.67,1273664093.96,-9073726572.309998,25781,216901043732.0255,60950161219.47447,0.2810044625454937,216304011798.92,737637010.25,0.0,,,,,
2020-01,1052,0,1052,231083445014.66,7641240633.52,230556817164.6,178223565352.61,35517145952.56,8213735486.2,0.1992842297946985,7862643388.54,0.0441167438940187,16379622975.3,0.0427326117826304,96040986682.77,135002689378.5,19846459685.75,3,6673798752000.0,19690667518.34,26378822522.19,1369588084.25,-8057743088.100002,26958,226962911256.3536,72560230214.44174,0.3197008260635381,230421274977.51,718664988.2099999,0.0,,,,,
2020-02,1061,0,1061,236651704396.88,7726471918.35,236318294183.05,181335223238.3,36337751185.85,9030593058.82,0.200389921698208,8464509282.64,0.046678792633224,18884235882.33,0.0475983882705274,93842910818.29,142764647025.8,24144721203.95,1,26315000000.0,14706896091.57,14067293723.69,1182775698.41,-543173330.5300009,28561,232415021092.3604,76898305092.2005,0.3308663301140143,234102976018.45,640321097.25,1350558.01,,,,,
2020-03,1070,0,1070,242883196486.54,7887723729.48,243190071515.51,176760848427.91,36466779046.89,9795150714.01,0.2063057479708951,8845789319.4,0.0500438270016997,18784538436.89,0.0507788593511647,99616449562.7,143221252291.1,24593222105.43,3,2107959964302.24,29428444849.92,18174353634.27,5753057225.97,5501033989.680001,29131,234559925638.22177,79841679489.44962,0.3403892598968293,242029388026.4,870166773.5899999,831184.89,,,,,
2020-04,1077,0,1077,230695668449.15997,8091069415.860002,230599014543.48,168678544107.49,37086149214.52,10098717813.94,0.2198628723691552,9365134758.71,0.0555206046403986,19450145360.48,0.0566450956984443,88781662265.89,141870946770.99,25424783139.67,0,0.0,15372940416.07,24027265003.869995,2125005890.31,-10779330478.109997,28927,223102910234.73505,79140139961.08809,0.354724821284589,226397579008.07,953285882.4,0.0,,,,,
2020-05,1088,0,1088,225973116494.68,7812990461.260002,225152711751.5,158938198390.75,37119130389.99,8914398329.64,0.2335444264866556,9315315902.67,0.0586096734264488,18355337842.26,0.0592408282434786,85690618591.14,140232779090.01,25013286923.48,2,1506079060000.0,14752413472.32,16822930138.48,1317524573.7,-3388041239.8599997,28955,222659503870.2357,84213621878.85324,0.3782170552573059,225561959108.36,839106815.91,15773861.2,,,,,
2020-06,1091,0,1091,225542732796.35004,8579320615.159999,225397460432.16,156752842853.78,33183637705.72,10978849661.75,0.2116940088714939,8628959961.37,0.0550481879899246,20720300267.41,0.0553546930005297,85528235943.74,139964656879.35,26095990363.47,0,0.0,16180918495.9,12908525802.49,1875506226.11,1396886467.3,28777,219573504054.37225,81621762398.76514,0.3717286507326194,220931214555.25,705851879.12,14170358.0,,,,,
2020-07,1115,0,1115,225172200448.61,8492778256.130001,1190340897492.17,152178963821.61,32583199617.210003,9803222331.919998,0.2141110623897089,8018020987.52,0.0526881034419384,22159373846.14,0.0554346988884506,84257433477.03,140860472571.02,24204466475.98,1,999999990000.0,20821277630.29,16413108310.28,1555160937.52,2853008382.49,29817,222495052389.9501,85758599058.06046,0.3854404767066816,224317110439.74,801749565.45,1979042.59,,,,,
2020-08,1129,0,1129,225182168425.62,8338776468.219999,223052548982.75,150635237015.29,33418050352.019997,7963284445.139999,0.2218474973994826,8069067006.849999,0.0535669287394619,22247711117.03,0.0563726445056301,81511375731.56999,143616296427.24,24189756513.77,1,1799999850000.0,21591114496.19,18475970691.84,3823585753.46,-708441949.1100016,31051,223489326163.99527,86498914304.53856,0.3870382348419902,224832061612.81,643401058.07,1226737.73,,,,,
2020-09,1144,0,1144,230111885352.76,8414926525.15,235862391166.27,166112188659.07,32313595544.83,7548887984.6,0.1945287447337816,8239618569.889999,0.0496027331672876,24987550161.8,0.0518085068320755,85110351334.01001,144946602962.09,26659588999.06,1,3318383800000.0,22012256922.83,14966759961.86,3523207080.51,3522289880.4599977,31474,227930923390.88937,86992083515.8237,0.3816598565111629,229999323547.85,621606433.9399999,0.0,,,,,
2020-10,1151,0,1151,217425723839.76,9205350796.569998,223009247951.42,163337021679.94,32134733268.289997,7271966328.34,0.1967388222080981,8047787765.629999,0.0492710573687311,25242831107.76,0.0518379857021453,69967458997.75,147402953594.6,27844258600.47,1,44582265285.85,14915577673.34,26602775376.98,2227577584.12,-13914775287.759998,31890,215128544888.7129,88585611989.65787,0.4117799059882251,216925863608.02,592569956.11,11241590.96,,,,,
2020-11,1198,0,1198,214070335329.26,8156549525.419999,222300251775.71,161404612960.32,15124028277.06,7327308194.08,0.0937025776380884,8085187626.429999,0.0500926676018713,25399530727.01,0.0532157091047836,38490258743.76,175580076585.5,49781624769.81,0,0.0,16119313403.24,16709750799.66,29150483.77247225,-619587880.1924723,32071,210391710497.41855,91292567756.55392,0.4339171326698922,212517073231.97,526049349.53,2473542.75,,,,,
2020-12,1230,0,1230,217765239141.36,8676012592.05,225469715231.17,160172586750.28998,14804282337.7,9178507906.86,0.0924270665665153,7820421100.650001,0.0488249659902295,26979219378.61,0.0512727416788926,60317398540.55,157447840600.81,46437487394.689995,1,724999999928548.0,21395646658.69,17610138605.690002,16424335.00949608,3769083717.9905,32936,215492875892.85236,94471145867.93526,0.4383956800266024,217562364308.59003,607595474.3100001,0.0,,,,,
2021-01,1224,0,1224,216010298710.05005,7038002822.77,223075185691.07,165043370660.90997,33443588587.219997,6935651079.96,0.2026351525256446,8813911317.33,0.0534036070763401,24824502631.13,0.0562605769468525,57952104311.23,158058194398.82,51646485055.189995,0,0.0,28078862997.12,20890411195.120003,89937027.60396495,7098514774.396031,33238,215323534549.12067,102469616161.03123,0.475886745847818,215334134752.37,526798360.47,0.0,,,,,
2021-02,1234,2,1232,223091603475.12,8756747446.03,229704562412.78,163473793638.46,33500821655.640003,7284642332.669999,0.204930838821363,8884880337.99,0.0543504872569353,25187598170.51,0.0573794013741524,60001112325.619995,163090491149.5,54577238205.939995,0,0.0,18532145953.03,12962067827.57,4387552.07592816,5565690573.384071,33368,223843463447.7021,105429470083.57814,0.470996420711701,222488819870.53,565138704.46,0.0,,,,,
2021-03,1273,2,1271,246564478206.17,8901302301.939999,253261071148.42,177668473109.91,33662347218.29,8126748111.26,0.1894671948774257,9400171991.0,0.0529084976442884,25815217846.75,0.0553614442412912,71062963505.59999,175501514700.57,65835871352.05,0,0.0,31820119276.07,14401792042.150002,3700510.53016676,17414626723.38983,33780,245825399722.48172,115855752762.46828,0.4712928480672081,245659268180.15,743566074.6200001,0.0,,,,,
2021-04,1295,2,1293,267398646168.59003,8800692568.080002,274313927086.48,203971160806.13,33600415154.19,8272541140.670001,0.1647312052419333,9499518732.19,0.0465728522338463,24633536474.05,0.0477356747285106,86277739095.11,181120907073.48,81106178609.07,0,0.0,31983795787.500004,14394822330.09,959014359.3071955,16629959098.102808,33359,265797698266.01343,115930845742.9431,0.4361619626476906,265871635682.08,613382142.7,0.0,,,,,
2021-05,1338,2,1336,281722345080.47003,8897904944.800001,289363158783.69,199827101255.42,31434351275.69,9530713991.01,0.1573077479391069,9671143344.45,0.048397556105707,24393370707.64,0.0498797624783835,88337056407.56,193385288672.91,83469763234.13,0,0.0,22981581291.33,13814527207.14,4006147.77759897,9163047936.4124,34682,280783235919.31964,121187072187.73315,0.4316036596378392,280852374811.5,701556153.3800001,0.0,,,,,
2021-06,1369,2,1367,297768386704.68994,8980080523.65,305793139074.41003,221430239679.10004,31564433753.590004,10238767295.53,0.1425479816999414,9706083482.79,0.0438335951623238,24898633570.28,0.0442604053584316,101676428854.7,196091957849.99,97469951498.79,0,0.0,30337795702.030003,12558352970.49,31418728.45978007,17748024003.08022,36345,296201846207.2234,121753577692.86565,0.4110493545259221,296381470603.18,756897743.96,0.0,,,,,
2021-07,1383,2,1381,291917477115.07996,9165525633.3,299646124377.94995,208501162459.83997,31966815853.71,9890829317.23,0.1533172068518669,10070737722.599998,0.0483006310554251,21503198215.72,0.0462952009323931,108735975167.22,183181501947.86,100647895289.3,0,0.0,33010039158.34,20305342634.02,41869769.075581074,12662826755.24442,35559,291892541440.8573,111191498147.67282,0.3809329885539478,291791509366.08,694732592.9100001,52747.93,,,,,
2021-08,1424,2,1422,297461584263.74,9354389469.29,305155557054.63,220200597417.40997,32401374317.45,10685593245.22,0.1471448065875602,10501017289.0,0.0476884141649006,25723010104.74,0.0470930075912831,109653817852.39,187807766411.35,100229605130.28,0,0.0,30396761914.02,35133716869.35,32622913.5796306,-4769577868.909629,36154,276472354151.692,119180817716.09796,0.4310767999997101,290737076844.74,821338713.7199999,22217619.57,,,,,
2021-09,1456,2,1454,303933333049.2,9616348281.100002,314952828954.24,226146343066.26,34132776421.509995,11319438513.22,0.1509322501470175,12267104193.82,0.0542440971076228,28995604381.629997,0.0529188054213634,104624877310.13,199308455739.07,101845649707.95,1,144999999992854.0,22961072157.12,17814946218.86,10071030.96194833,5136054907.29805,36179,291847669895.26044,121496611668.50291,0.4163014620336223,294564605647.88,912822849.36,678957.87,,,,,
2021-10,1478,2,1476,309262607908.81,9791143532.63,319272427809.95,235525687660.96,36168979085.03999,8588199102.18,0.1535670246597702,14204416104.61,0.060309413574698,28154196407.14,0.0541759692079807,115706912568.95,193555695339.86,113873273619.85,0,0.0,38643165941.95,23156185329.44,946190198.54591,14540790413.964085,36927,300648984031.79236,111115878534.54724,0.3695867421351312,303453786048.85,1053951683.52,5792723.880000001,,,,,
2021-11,1493,2,1491,330582077353.89,9177629710.240002,341188175666.17,245420045846.62,37645235628.03,9401413784.85,0.1533910382021406,15979205142.05,0.0651096168078972,28905786698.17,0.0579826250637491,137048761033.91,193533316319.98,135921196031.63,3,112240708000.0,46000606013.18,16931225248.679998,948050029.3680106,28121330735.13199,28060,321268183632.57166,117258954544.72968,0.3649877595063585,324157555761.80005,911084486.23,19773528.1,,,,,
2021-12,1547,2,1545,308945976310.86,10449538083.2,317658569477.95,250025157326.51,42598241105.57001,10825822335.490002,0.1703758196217855,16957437178.83,0.0678229237415702,28038874990.070004,0.0576629739407044,105144129070.49,203801847240.37,103463030753.03,0,0.0,32847451833.24,58069958542.869995,39001676.62014971,-25261508386.250145,31626,297382247235.55396,122375074693.35265,0.4115076667519442,301144914341.63,1068747994.77,17702552.66,,,,,
2022-01,1553,2,1551,307117656465.77,10647106448.809998,316937483918.77,248722631030.02997,43342003335.14001,10867199233.32,0.1742583823420034,17539467727.21,0.0705181818581371,29442123254.58,0.059876446975466,98332141222.88,208785515242.89,102341888048.15,0,0.0,21494627982.92,23737324765.969997,4219216.35203364,-2246915999.402033,32248,295306861947.32965,121778611862.27296,0.4123798920866022,298571409357.16,998492235.41,473014761.13,,,,,
2022-02,1578,2,1576,312193135881.69006,10655618913.030005,323049847083.03,254329115830.61,43540390349.82,10249841525.56,0.1711970342350384,17462197286.23,0.0686598434835132,30345483538.75,0.0589948754493888,99130826627.86,213062309253.83,105452304960.91,0,0.0,30162038769.43,26385201792.76,1976210.91867887,3774860765.751323,32815,298046666488.8032,120127420328.1313,0.4030490316946529,302691614615.75,979602167.54,33995743.92,,,,,
2022-03,1607,2,1605,327621389261.48,10862726487.320002,337623485896.42,249841984966.93,44149582911.94,10645087357.97,0.1767100230082778,17705798987.190002,0.0708679887791221,29617458538.6,0.0624704034053957,109869705650.52,217751683610.96,115688802817.99,1,4575985644.0,35515935770.0,20183684545.53,188717936.32359916,15143533288.146402,33405,308313014571.2582,123182258664.25354,0.3995363570219424,311248985721.74,1756740380.3600004,1425784028.9499998,,,,,
2022-04,1646,2,1644,382699722064.61,11307626340.690002,391377523575.23,280600962820.82,45087701449.27,11031137296.38,0.1606826327180534,18278381524.97,0.065140124043843,30500886934.789997,0.0559229937555218,161814958347.85,220884763716.76,168774490920.16,0,0.0,79623547348.42001,26342049667.78,9579178.33418058,53271918502.30583,38907,348180025823.2638,118134247532.93016,0.3392907081720279,349366916675.72003,1114583196.21,49560144.03999999,,,,,
2022-05,1665,0,1665,367886962052.29,11458380885.55,377522245159.04,276274756449.82996,46715462583.53,11387387190.41,0.169090593667805,19396681519.53,0.0702079399825743,30802315755.65,0.0612713807474543,143195341389.91,224691620662.38,150022479353.68,0,0.0,31506690651.78,47640486016.07,194617335.23835105,-16328412699.528353,34746,344639740157.7812,128259316925.61378,0.3721547517036043,349246282891.23,1222323345.72,67841038.71000001,,,,,
2022-06,1700,0,1700,364276358060.8001,12341508931.13,375009498610.9499,276875090787.65,47072201027.59,12198003957.22,0.170012408460724,19490537985.15,0.070394696502685,32255245167.93,0.062560438125288,129540984178.69,234735373882.11,138690405915.07,0,0.0,36656943042.37,44857491858.29,16647968.07804079,-8217196783.998039,40475,361322917124.0333,139775579918.7605,0.3868439373602725,361840842295.62,1105723691.69,63815343.84,,,,,
2022-07,1735,0,1735,345925027882.5,12034013739.329998,355802384669.05994,279266329332.29004,47551497116.77999,11990342778.49,0.1702729334770608,19746764982.68,0.0707094372239338,35123977134.6,0.0644437740817296,109438323766.62,236486704115.88,111003055606.09,0,0.0,33388670417.8,52954704291.34,47925764.399177,-19613959637.939175,47340,343552382132.83887,138721752218.59885,0.4037863203200271,344201096240.02,954643267.84,133638067.91,,,,,
2022-08,1767,0,1767,339295012187.04,12421559363.439997,350409517587.91003,278591569540.48,51759315855.350006,12154569014.69,0.1857892395693232,23639990580.17,0.0848553695259434,35817182620.78,0.0690702358279514,96597379676.37,242697632510.67,99533669246.49,0,0.0,44469146479.65,54302332165.02,41975331.35041038,-9875161016.720411,48017,333825856385.6194,145593288634.41772,0.4361354456205916,336974651014.3,1401394011.64,71505616.67999999,,,,,
2022-09,1787,0,1787,346826952282.83,12380070743.99,356566752785.0,287735925570.92,52249064597.46001,12878055663.6,0.1815868647399119,22546672545.83,0.0783589066992359,37969285626.81,0.0617818097773705,97842770297.37,248984181985.46,103690340436.34,0,0.0,45034011224.98,40187878154.59,7165732.8096066695,4838967337.5804,48390,342045819116.0428,150088612671.64777,0.4387968052336536,344313692334.07,1157524013.9099998,53975773.26,,,,,
2022-10,1824,0,1824,350474159529.5,12508868000.099998,362140408160.2901,280955662162.59,49254578040.05002,13570075165.25,0.1753108574531814,19352490936.13,0.0688809429472563,34812842198.990005,0.0628452584125653,98329709966.0,252144449563.5,104763610093.4,1,7500000000.0,29495161964.160004,26438431511.05,20702766.74977967,3036027686.3602247,49333,343825797209.0951,151936255664.07718,0.4418989409677084,346871101792.38,1145105263.6,62875972.74,,,,,
2022-11,1854,0,1854,369886876442.09,12629916133.09,381200825717.29,279425894921.43005,54496917607.63,11745828374.55,0.1950317368508514,21820725478.2,0.0780912788499277,35477612396.83,0.0736969235859123,112294391366.96,257592485075.13,115176117248.85,0,0.0,34887975056.04,17530386255.170002,39218514.081063,17318370286.788937,47293,364693440729.9655,156312286270.6034,0.4286128260429658,368587090853.27,1059007042.03,72752577.66999999,,,,,
2022-12,1912,0,1912,378898513471.24,12957632591.489998,390186081789.51,304887299077.95,53246422122.60999,16508653824.18,0.1746429657241857,20653137143.6,0.0677402345261999,38296004702.52,0.0645831502150387,108214261052.65,270684252418.59,107999795376.29,0,0.0,43508435140.15,39667272793.579994,10132676.78096046,3831029669.789047,48608,368052057527.00635,160228158656.49127,0.4353410214117178,374263966532.23,1514390247.81,158934656.17000002,,,,,
2023-01,1937,0,1937,375912070231.03,13281019576.650002,386194329414.01,308584849204.85,55570522916.34,12064465133.22,0.1800818253376083,21828939913.59,0.0707388582745977,38711231897.1,0.067461115873727,102566374875.33,273345695355.7,102018117533.36,0,0.0,41019359794.86,43675307328.100006,13389679.47845694,-2669337212.7184625,49343,374545738962.8291,167534992261.93536,0.4473018241399937,375919839928.41,1048631048.26,119655535.55,,,,,
2023-02,1955,0,1955,376974570132.83,13354188252.57,389383878987.72,308703088785.04,58601138989.18,14435678897.509998,0.1898301025098776,24475448023.28,0.07928475260681,41823795601.98,0.06919367000359,103317780872.75,273656789260.08,104131971859.0,0,0.0,22155134835.81,20110583758.74,60373957.65947002,1984177119.4105337,49444,375935607438.9173,170849692030.52008,0.454465309084296,376813148963.19,975986969.51,83192995.53999999,,,,,
2023-03,2009,0,2009,384761325516.94,13557211497.340002,397469741684.42,310168194515.78,60595383946.38,13242250984.269997,0.1953629837546001,25163989095.82,0.081130140165096,42820850552.03,0.0694638907354473,107988775973.3,276772549543.64,108093727872.21,0,0.0,26411803534.129997,18834060080.93,20477284.647389967,7557266168.552607,49607,381944456855.7771,175150626019.25464,0.4585761695852856,384145575243.96,1402768046.13,629941011.97,,,,,
2023-04,2034,0,2034,399278389233.8501,13769502954.670002,416363853706.59,322446872993.53,59164853185.98,13799723526.05,0.1834871358394818,23526040817.21,0.0729609829948081,43008964470.59,0.0691357118899063,118478493726.34,280799895507.51,115958849405.63,0,0.0,37955954167.03,25780852924.92,283189476.94294286,11891911765.167051,49767,395451263693.99023,179706776519.45316,0.4544347003491045,396760282479.72,1232354611.81,55450487.95,,,,,
2023-05,2044,0,2044,391083631907.63,13950584002.71,406497428615.87,316130761234.11,62569349035.54001,14377010399.61,0.1979223685518044,26462794847.59,0.0837083830256968,42808588792.82001,0.0798282084545728,108561298087.65,282522333819.98,103003051075.54,0,0.0,33365374069.54,43107893664.560005,22023962.50664964,-9764543557.526651,50164,388074074633.6813,189174258742.48935,0.4874694577860131,390823176319.63,1380821708.9800005,87791959.50999999,,,,,
2023-06,2068,0,2068,403640617913.06,14967797955.54,419578546828.47,329361734458.67004,59589292289.07001,13639508943.31,0.1809235440996488,24545105319.06,0.0745232452683116,43952537388.61,0.073768999830029,100700093433.12,302940524479.94,105755628079.43,0,0.0,29598628479.34,29328311030.76,17491071.91277634,252826376.66722548,50967,397610152193.91125,201912069216.6773,0.5078141694888274,400346723311.06,2792121913.32,81110471.10000001,,,,,
2023-07,2087,1,2086,418108072775.7901,14867510326.850002,434261696855.68994,333612275211.86,63388844738.110016,13858936472.29,0.1900075310414013,28568346367.69,0.0856333788963482,49267450550.86,0.0735689981915088,108110362199.5,309997710576.29,111864079727.28,0,0.0,31596153385.586647,21722563729.89,220202652.4621319,9653387003.234516,53490,414700292138.4939,210151596680.28693,0.5067553620389166,416544552247.0,1415646376.46,66653108.76,,,,,
2023-08,2129,1,2128,416972340043.3001,15360966852.82,432652301311.98,334559556112.63,63687635312.16,14152123135.0,0.1903626249752658,28295559917.9,0.0845755543397907,50489496442.39,0.0743418151154154,102389760236.69,314582579806.61,93416814448.97,1,4649228072.0,33659776083.13,36380551233.72,381740980.472986,-3102516131.0629864,55263,400490874636.8619,204058382303.75143,0.5095206788139127,413510797034.6,1250091969.4299998,61862324.43000001,,,,,
2023-09,2276,0,2276,424424330784.87,16389595260.530005,440486047687.17993,345593237840.74,66407445626.37,12115069307.759998,0.1921549334740531,30103223559.31,0.0871059391884933,54747905904.369995,0.0765860565793545,103057024662.13,321367306122.74,94446301931.8,1,370000000118706.0,30737828675.05,27750409775.32,43171426.21932102,2944247473.5106783,55081,420049747928.46857,214121244575.98636,0.5097521082489725,420097518769.86,1322002619.52,109974766.34,,,,,
2023-10,2270,0,2270,434140285699.91,16479307845.950005,449775709415.24,354633950123.99,62581931854.56001,14490582957.04,0.1764690939282029,26214133615.9,0.0739188495820403,53492246189.17,0.0765143449898497,103558994745.38,330581290954.52997,106341584959.54,0,0.0,36282909883.07,19977284029.41,236391357.2845685,16069234496.375431,56072,427564400986.31866,229278782511.49237,0.5362438546861831,426725968754.25,1467141664.76,65109409.870000005,,,,,
2023-11,2272,1,2271,448480871448.3,16703705518.359997,465859566094.14,360373051061.95,58912785832.28,14816610748.990002,0.1634772235567431,29705681126.04,0.0824303621996791,56006761604.369995,0.0771908836309693,106412836882.31,342068034565.99,111659635376.96,0,0.0,33691422855.74,22578982797.210003,18532009.93995784,11093908048.590036,57380,444268821568.57434,237608840536.8583,0.5348312305552656,443982993727.1701,1616477533.61,91148787.61,,,,,
2023-12,2404,0,2404,485359225501.6,23602922207.48,499619818687.28,387796919310.8501,58886559505.69,15765137444.63,0.1518489615913832,29164123290.93,0.0752046286049854,62672325702.77,0.0699053562375453,105015204374.69,380344021126.91,111922995147.85,0,0.0,45893972469.39,33625259696.331,46598789.98457874,12222113983.07442,61735,478321958998.5133,267155483485.1051,0.5585264871478239,477880833158.72,1419892283.29,73023463.27,,,,,
2024-01,2425,0,2425,494413530821.27,26265647553.249996,509463283604.6399,382794343976.92,59310957918.04,16768573356.8,0.1549420958048849,29812093894.250004,0.0778801838724332,62551588020.52,0.0733832756421491,108043167451.19,386370363370.08,95307145901.91,0,0.0,33759679712.02,27704448646.269997,141922368.73021913,5913308697.019785,57540,490421277483.09534,270302112535.79633,0.5511631019009234,489827403475.97,1612723970.16,86036619.83000001,,,,,
2024-02,2447,1,2446,494426366183.3,24368453805.59,512297362017.7099,384516233487.93,58909182689.57,16516538566.319998,0.1532033697386645,29853190381.46,0.0776383095992151,62401753357.509995,0.0730438091488269,101927234929.99,392499131253.31,86886848129.06,1,4637784007.0,27662566956.219997,29901287001.27,80843738.06825392,-2319563783.118257,63046,488484265477.3457,274125202088.6708,0.5611750909126956,488359519129.6099,1641748096.8199997,62981154.809999995,,,,,
2024-03,2490,0,2490,501222302277.3299,25139133808.87,519746248223.97,399776426796.54,57401862758.45,17891715058.32,0.1435849112425625,28150357603.57,0.0704152514172544,63365062820.08,0.0711820548451972,97789799220.94,403432503056.39,92276594190.16,1,5234941200.0,30377209999.03,23384772428.54812,30679440.11349838,6961758130.3683815,70320,497560716292.7827,281159052248.89056,0.5650748602979468,496894952906.7,1547212643.42,119373535.65,,,,,
2024-04,2538,0,2538,543418901727.01,27563159914.7,562608037912.98,416891280688.24,63272691446.6,15894504568.86,0.151772642839025,33249813553.949997,0.0797565578705756,64844021883.51999,0.0750523770818685,130580007531.11,412838894195.9,125654335505.86,0,0.0,56083213600.8,16219796104.43,88271893.7309698,39775145602.63903,78828,539699955002.754,288830421736.04065,0.5351685117975724,539536789188.5501,1568102933.1,102626949.65,,,,,
2024-05,2612,0,2612,550993351468.99,27880423142.890003,571954575892.64,420904457772.7901,65013251047.67,18568427145.68,0.1544608279790779,34394216541.31,0.0817150208465515,65854609634.66,0.0786248282436373,123599800724.9,427393550744.09,121272246283.23,0,0.0,45352862216.98,42694935686.01,91155512.58464274,2566771018.3853583,80321,549825024029.6077,307277502992.22076,0.5588641650760409,550602417754.9199,1660211396.7000003,89394969.9,,,,,
2024-06,2682,0,2682,555720900577.71,30159124016.499996,574925859532.0399,429001440264.6,63220356955.600006,17256015036.96,0.1473663046832823,33035390812.67,0.0770053144630339,67595146421.03999,0.0705668983474855,120473591600.79,435247308976.92,107181674081.41,0,0.0,47194790442.84726,41588560648.93,310102588.24299616,5296127205.674263,90299,549797811418.6879,311142878919.346,0.5659223671998236,554460926450.47,1715222793.13,268140644.49,,,,,
2024-07,2744,0,2744,610275418185.86,31073221498.46,632251539487.63,464273577832.7,42295388365.08,21083372685.31,0.0911001409180365,31172118880.26,0.0671417034451458,72083857740.98999,0.0607776062472929,156775107799.55,453500310386.31,148428934573.75998,0,0.0,68016344653.55,19765721506.22,201548293.4471464,48049074853.88286,88068,607084302062.5857,330172315975.69183,0.5438656787103904,608625954853.3,1775766464.8900003,86507483.39,,,,,
2024-08,2810,0,2810,623507211137.18,32958302011.2,645298453140.2101,472363352230.03,43227286942.76,23537658001.129997,0.0915127872191687,31951074879.369995,0.0676408843500004,73630512079.64,0.061468729172234,164476329826.43,459030881310.75,153241141174.72,0,0.0,34936832116.590004,23871798577.41,4024142.88101018,11061009396.298994,99185,623332973712.1792,335546003964.7062,0.5383094078376846,622943922413.88,1753694488.7999997,227039031.41000003,,,,,
2024-09,2881,0,2881,638307145882.99,35411259044.08,660628660170.0,478611723011.69,44003319434.68,23750180278.94,0.0919394935790263,33454918556.530003,0.0698999145821442,74322697356.98999,0.0641969485129116,165618731470.11,472688414412.88,149026635812.4,0,0.0,43584358183.69,34048051277.05,76531066.62678859,9459775840.013214,103457,636671277411.656,343160663495.2392,0.5389919031534384,637971360371.57,2084340294.68,104509353.67,,,,,
2024-10,3007,1814,1193,678424018006.28,38678927738.18001,699570354435.57,495730760812.26,44688588179.71001,21858290121.6,0.0901468936615659,33944909444.39,0.0684744868137109,68541007481.899994,0.0617862851886765,190097299759.3,488326718246.98,167006969317.71,1,5192594818.72,51306735459.17999,21591683174.24,97453972.6029339,29617598312.337055,118352,676854885056.873,356418726789.1472,0.5265807112542285,677000274083.9099,1954876571.02,164970649.95,,,,,
2024-11,3061,2157,904,695585065076.76,43396569498.07001,717644557291.25,504338345611.16,45694642307.93,22769922261.05,0.0906031490676303,35253961530.7,0.0699014101098718,68296246554.37,0.0592557486234485,202850103377.87,492734961698.89,157459884927.33,1,5192594818.72,59559631025.14315,14807918198.164171,28156288.83999038,44723556538.138985,143898,694337712494.209,353928116048.5338,0.5097348302991473,695296325029.38,1782872748.31,112848032.81,,,,,
2024-12,3140,2917,223,731837114451.0798,48940080803.630005,754509723103.48,549916668861.9099,45372757041.39,24682888443.07,0.0825084228403041,34649735204.03001,0.0630090651293404,78750955697.68,0.0555080443807334,207256243481.86,524580870969.22,157636757631.37,0,0.0,88017143994.6,17076942888.82,164660072.77585432,70775541033.00415,148582,733427821367.2793,382158444855.8019,0.5210580151477893,731332756355.7001,2162303489.8,2576879309.73,,,,,
2025-01,3192,3008,184,734607037572.63,53828528458.42,756583832615.71,545816395485.93,43445518363.56,22134362147.47,0.0795973128012786,33554481915.6,0.0614757676630931,79190014857.65001,0.0560844499504362,204218492324.68,530388545247.95,198696069116.94,1,2235058844.59212,39354258643.8,41486057873.2,356538660.1916535,-2488337889.591647,165768,734399310808.5598,382498910735.5927,0.5208323389008476,734058377959.11,2180862092.54,140438621.56,,,,,
2025-02,3254,3082,172,744347337925.86,53273634518.99,766953120353.04,553827996129.55,42653443069.86,23218873812.46,0.0770156860396104,33130321958.51,0.0598205980738471,79986567019.63,0.0538517066358514,208448035514.88,535899302410.98,211543331362.53,0,0.0,40199754117.74,31030492114.300003,240522334.7426182,8928739668.697376,174434,744180747249.7155,391731728281.03375,0.5263932582625458,743648913504.5701,1933711188.71,185188441.73,,,,,
2025-03,3316,3159,157,752197889669.19,55695335888.299995,780079630519.27,560388086671.1599,44160257865.97,23302862309.5,0.0788029919199256,33203174773.519997,0.0592503223449214,84381808300.70001,0.0527667149110626,206304187263.49,545893702405.7,208711045729.2,0,0.0,42244372583.09,33820010360.1,309837273.5413044,8114524949.448701,192255,751372877731.752,397063950437.0264,0.5284512686107129,751711927158.22,1898337507.37,252942125.37,,,,,
2025-04,3388,3217,171,768273682089.23,59878824217.55,795493754464.64,563859240297.1799,46522597456.2,23517243767.28,0.0825074666359647,35218707203.909996,0.0624601047334936,83412210325.39,0.0573517338110673,209225288262.12,559048393827.11,209795241594.63,0,0.0,48883503463.83,37369496149.380005,136696750.17392474,11377310564.276072,208337,768536968001.2208,404928386884.43726,0.5268821198511221,767081446762.21,2805502285.87,79269872.77,,,,,
2025-05,3452,3281,171,782600003205.14,59121563669.64,811811430510.8701,567577304153.9701,47491836082.700005,23145021079.31,0.0836746567121658,35728000161.62,0.0629482537447055,85167708169.69998,0.0593380675228387,224155388155.45,558443804682.61,207308825031.8,0,0.0,45231208426.4273,30840767349.39,232130650.8621881,14158310426.175112,234206,775253354582.3079,410329530432.96014,0.5292844307059311,777872465921.6901,2346021429.66,122051008.57,,,,,
2025-06,3592,3385,207,857894938092.49,67364050175.89,887691293121.3599,587664896821.3701,48240301810.05,23623178286.76,0.0820881119001283,36625332931.16,0.0623234995475539,85404690570.11,0.058718339127899,255783154470.73,602111783621.76,231252848967.3,0,0.0,83820643919.8,16698908079.580002,1117032484.1119,66004703356.1081,274917,855884618380.0266,455874834994.5773,0.5326358544185934,856915936376.67,2676028292.76,139592805.87,,,,,
2025-07,3647,3500,147,869877017295.53,70675182477.91,900673381665.53,585733747835.1799,47271701999.67,21343912203.79,0.080705102231828,35234998218.55,0.0601553151901788,84626247995.85,0.0564742809290695,259583251917.11,610293765378.42,231892580841.27,0,0.0,32599152509.11,22380154399.81,111794690.87103884,10107203418.42896,331615,869012805248.3375,459967181645.7248,0.5292985084544066,867858030777.1299,3533087670.71,144617407.75,,,,,
2025-08,3717,3574,143,876556028773.3999,75526485484.26999,908196254587.51,592482101850.95,45983547785.54001,22459340047.41,0.077611707833679,33741049612.67,0.0569486394732615,87399803254.33,0.053555833668848,297373273194.93,579182755578.47,186359176564.95,0,0.0,17596409912.69,11064709668.21,69649128.8322067,6462051115.647793,374091,877602587606.1506,469734273076.26245,0.5352471377250191,876116227236.0901,2385616732.26,121480138.87,,,,,
2025-09,3757,3657,100,887129384598.26,78785363653.76999,920746465601.26,586393654870.36,49132631063.47,24828745528.090004,0.08378779452232,36877214200.41,0.0628881535366593,77890368385.0,0.0583939969780802,284461783258.37,602667601339.89,159997144925.28,0,0.0,29806985506.12,19072003443.45,79211579.22786559,10655770483.442133,358512,886736320510.1013,469892873343.4924,0.5299127400952555,886890807632.79,2661480860.28,93855441.73,,,,,
2025-10,3824,3782,42,892088185626.5801,81366727715.69,929777239880.12,612862481176.3301,47853167606.15,23272940037.35,0.0780814115334658,35804419898.51,0.0584216214864171,88720095564.39001,0.0546224425878749,275934959190.86,616153226435.72,156653103016.18,0,0.0,23040543370.19,8369657439.78,17173194.562298723,14653712735.847702,365017,893039731109.3054,469794537580.8213,0.526062302958523,891645935484.22,3128736304.1099997,110920280.83,,,,,
2025-11,3870,1814,2056,889436577366.6199,84228945215.04999,918840888025.82,617684593463.35,48643485083.19,22811962803.96,0.0787513329585356,37451460125.850006,0.0606320127168141,88700564172.99002,0.0568566477139163,256212858655.41,633223718711.21,136475925846.05,0,0.0,16619432001.02999,10940164197.53,28466298.41823729,5650801505.081751,374129,885591397429.1063,476872266123.5144,0.5384788825951634,889375633177.42,1911133207.63,130097550.67,,,,,
2025-12,4007,2118,1889,919117717865.04,85900396300.22,973173133992.41,641375978860.01,44798719279.28999,31381874572.29,0.0698478283500979,32234773237.79,0.0502587784704449,88664987232.38,0.0524017205439128,263255017873.69,654599495266.98,178760741431.25,2,128802989484.27,45889641491.245224,13309172852.138262,172971505.3602124,32407497133.74675,387159,917582532208.835,320990612158.32043,0.3498220605678066,918047214153.17,2059618680.01,94702622.93,14.0,14.0,14.0,5.0,14.0
2026-01,4059,3429,630,892585847001.55,71697105919.87,943200914136.36,626787785545.04,43867116350.47001,28867364810.37,0.069987190819815,31798909547.5,0.0507331353304027,83071592126.95,0.0517128778493624,260613572538.36,631972274463.1901,180710319550.61,2,5441979073.96,13148708271.6274,6579010384.7466545,36678875.42879226,6533019011.451953,397000,892904905673.2932,289544638288.6987,0.3242726481274824,892224268195.26,2377874398.45,77431194.01,,,,,
2026-02,4095,4078,17,906556904694.14,73331257615.14,962140302374.48,642725727569.99,45762251603.36,27864718246.42,0.0712002797466617,32338524708.14,0.0503146572806492,84907848618.64001,0.0512483915811584,282566740582.61,623990164111.53,167615479067.48,0,0.0,12338328246.46,4718749115.853022,34202013.60181824,7585377117.005161,405933,906016691831.0225,290315053245.6522,0.3204301376158285,906013335084.96,2078381091.13,69823160.97,,,,,
2026-03,4141,4120,21,913618482746.35,74836666485.75,969018428787.58,648313567608.29,48268024906.61,30204095945.58,0.0744516655492446,34808851655.4,0.0536913823719812,77377139645.85,0.0543384304528576,276278974730.66,637339508015.69,149923710547.82,0,0.0,28682710152.543,6186132418.598596,121899332.300041,22374678401.644363,416176,911900963642.127,291406196763.5383,0.3195590402708467,913370076559.94,2319217528.39,84639817.03,,,,,
2026-04,4212,4186,26,954774302237.53,76911059707.65,989029364138.45,678382648734.48,49262815126.009995,27200690061.9,0.0726180352901265,35298614986.73,0.0520334873726199,81572084752.68,0.0524614177838092,295835299419.86,658939002817.67,154659596198.81,1,3150000000.0,24099275575.8524,5886970850.074966,1236910337.3235998,16975394388.453836,434025,948789748932.43,298007758829.80585,0.3140925154019862,953831960565.88,1947969115.3,71498647.55,,,,,
2026-05,4227,4203,24,958703107781.76,78612813926.18,1011092513181.99,670481152261.44,53822218959.509995,20784414624.56,0.0802740222867937,39243486180.77,0.0585303345939064,67644958577.97,0.0581799790131143,279532875030.34,679170232751.42,149316955536.11002,1,4400000000.0,26203675590.2776,5805822877.731381,16843315.52705901,20381009397.01916,445677,953315936779.604,302604754306.40955,0.3174233668311876,957364092962.99,1898858171.37,63363760.57,,,,,
2026-06,1990,1980,10,336931365137.57007,24938915799.999996,343836885804.25,251582392366.7,24307601853.780003,7468950141.549999,0.0966188516815989,18573047341.86,0.0738249094745406,24921279220.879997,0.0679961101716852,136762028187.23,200169336950.34,85571077232.08,1,3063555866.88,8678131522.8,1143896991.6632576,18037285.33659208,7516197245.80015,63056,333908201404.01807,116235358597.82,0.3481057311832212,335304876834.31006,1222423906.54,1153755.26,0.0,0.0,0.0,0.0,0.0
