rank_excesso,competencia,cnpj_veiculo,cnpj_fundo,cnpj_formatado,cnpj_fundo_formatado,denominacao,pl,carteira_dc,dc_inadimplentes,dc_inadimplentes_ajustado_recalculado,excesso_removido_ajuste,share_excesso,share_excesso_acumulado,is_np,report_flag_source
1,2026-06,32321307000180,32321307000180,32.321.307/0001-80,32.321.307/0001-80,CITY - 02 FUNDO DE INVESTIMENTO EM DIREITOS CREDITÓRIOS NÃO-PADRONIZADOS RESPONSABILIDADE ILIMITADA,2712460624.74,166701570.92,2237937032.9,166701570.92,2071235461.98,0.14181842907623946,0.14181842907623946,True,campo_bruto_CVM_reprocessado
2,2026-06,57832889000190,57832889000190,57.832.889/0001-90,57.832.889/0001-90,ALDEBARAN III FUNDO DE INVESTIMENTO EM DIREITOS CREDITÓRIOS - RESPONSABILIDADE LIMITADA,332397292.12,205475523.53,1621652397.03,205475523.53,1416176873.5,0.09696627118477252,0.23878470026101198,False,campo_bruto_CVM_reprocessado
3,2026-06,36017588000133,36017588000133,36.017.588/0001-33,36.017.588/0001-33,JEITTO FUNDO DE INVESTIMENTO EM DIREITOS CREDITÓRIOS,-667710.98,5970.77,1069101837.03,5970.77,1069095866.26,0.07320147760504045,0.3119861778660524,False,campo_bruto_CVM_reprocessado
4,2026-06,26690373000125,26690373000125,26.690.373/0001-25,26.690.373/0001-25,SIMPLIC FUNDO DE INVESTIMENTO EM DIREITOS CREDITÓRIOS - RESPONSABILIDADE LIMITADA,328162522.39,272490897.92,1170325797.59,272490897.92,897834899.6699998,0.061475161746845336,0.37346133961289774,False,campo_bruto_CVM_reprocessado
5,2026-06,29226654000110,29226654000110,29.226.654/0001-10,29.226.654/0001-10,INVESTCRED FUNDO DE INVESTIMENTO EM DIREITOS CREDITÓRIOS,1193589922.6,992925206.78,1668944312.63,992925206.78,676019105.8500001,0.04628733399800046,0.4197486736108982,False,campo_bruto_CVM_reprocessado
6,2026-06,34218953000142,34218953000142,34.218.953/0001-42,34.218.953/0001-42,FUNDO DE INVESTIMENTO EM DIREITOS CREDITÓRIOS CREDITAS TEMPUS II - RESPONSABILIDADE LIMITADA,141183036.28,72156106.72,709235369.32,72156106.72,637079262.6,0.04362110531489802,0.4633697789257962,False,campo_bruto_CVM_reprocessado
7,2026-06,14330038000137,14330038000137,14.330.038/0001-37,14.330.038/0001-37,FUNDO DE INVESTIMENTO EM DIREITOS CREDITÓRIOS F ACB - FINANCEIRO,2479930.87,0.0,488133094.49,0.0,488133094.49,0.0334226938034937,0.49679247272928995,False,campo_bruto_CVM_reprocessado
8,2026-06,52883033000120,52883033000120,52.883.033/0001-20,52.883.033/0001-20,BES CARD FUNDO DE INVESTIMENTO EM DIREITOS CREDITÓRIOS - CREDITO PESSOAL,29436249.7,22738427.14,461449951.09,22738427.14,438711523.95,0.030038776511075768,0.5268312492403657,False,campo_bruto_CVM_reprocessado
9,2026-06,12440789000180,12440789000180,12.440.789/0001-80,12.440.789/0001-80,LME REC MULTISETORIAL IPCA - FUNDO DE INVESTIMENTO EM DIREITOS CREDITORIOS,38442603.41,66470947.12,412279503.47,66470947.12,345808556.35,0.023677668291656927,0.5505089175320227,False,campo_bruto_CVM_reprocessado
10,2026-06,08845618000164,08845618000164,08.845.618/0001-64,08.845.618/0001-64,FIDC MULTISETORIAL MAXIMUM,2479947.43,0.0,340977064.27,0.0,340977064.27,0.02334685384324801,0.5738557713752707,False,campo_bruto_CVM_reprocessado
11,2026-06,11003181000126,11003181000126,11.003.181/0001-26,11.003.181/0001-26,BBIF MASTER FUNDO DE INVESTIMENTO EM DIREITOS CREDITÓRIOS LP,31096078.74,0.0,259752519.83,0.0,259752519.83,0.017785372540730014,0.5916411439160006,False,campo_bruto_CVM_reprocessado
12,2026-06,32113885000121,32113885000121,32.113.885/0001-21,32.113.885/0001-21,MN I FUNDO DE INVESTIMENTO EM DIREITOS CREDITORIOS NAO-PADRONIZADOS,549614285.94,0.0,234716701.7,0.0,234716701.7,0.016071158747557077,0.6077123026635577,True,campo_bruto_CVM_reprocessado
13,2026-06,34508740000155,34508740000155,34.508.740/0001-55,34.508.740/0001-55,FUNDO DE INVESTIMENTO EM DIREITOS CREDITÓRIOS ENERGIA SOLAR,18507021.97,15769896.15,235895248.51,15769896.15,220125352.35999998,0.015072082457349466,0.6227843851209072,False,campo_bruto_CVM_reprocessado
14,2026-06,20649717000176,20649717000176,20.649.717/0001-76,20.649.717/0001-76,ELDORADO I FUNDO DE INVESTIMENTO EM DIREITOS CREDITÓRIOS NÃO PADRONIZADOS,7418763.49,7108581.96,215818286.22,7108581.96,208709704.26,0.014290447867682137,0.6370748329885894,True,campo_bruto_CVM_reprocessado
15,2026-06,39591404000132,39591404000132,39.591.404/0001-32,39.591.404/0001-32,DENARIUS FUNDO DE INVESTIMENTO EM DIREITOS CREDITÓRIOS,20621185.07,25189570.37,221166978.68,25189570.37,195977408.31,0.013418661804094453,0.6504934947926838,False,campo_bruto_CVM_reprocessado
16,2026-06,13990000000128,13990000000128,13.990.000/0001-28,13.990.000/0001-28,FUNDO DE INVESTIMENTO EM DIREITOS CREDITÓRIOS MULTISETORIAL ITÁLIA,37584697.62,14695744.29,207382144.33,14695744.29,192686400.04000002,0.01319332497904698,0.6636868197717308,False,campo_bruto_CVM_reprocessado
17,2026-06,12138813000121,12138813000121,12.138.813/0001-21,12.138.813/0001-21,FUNDO DE INVESTIMENTO EM DIREITOS CREDITÓRIOS MULTISETORIAL MASTER III,0.0,0.0,186390145.75,0.0,186390145.75,0.012762217599483892,0.6764490373712148,False,campo_bruto_CVM_reprocessado
18,2026-06,14788370000140,14788370000140,14.788.370/0001-40,14.788.370/0001-40,FUNDO DE INVESTIMENTO EM DIREITOS CREDITÓRIOS HUNGRIA,5387503.68,0.0,179359687.89,0.0,179359687.89,0.012280838969340716,0.6887298763405555,False,campo_bruto_CVM_reprocessado
19,2026-06,42432319000136,42432319000136,42.432.319/0001-36,42.432.319/0001-36,FUNDO DE INVESTIMENTO EM DIREITOS CREDITÓRIOS BIZCAPITAL FINPASS PME RESPONSABILIDADE LIMITADA,1500027.16,115692.09,169967143.92,115692.09,169851451.82999998,0.011629805744935507,0.700359682085491,False,campo_bruto_CVM_reprocessado
20,2026-06,31368812000118,31368812000118,31.368.812/0001-18,31.368.812/0001-18,FUNDO DE INVESTIMENTO EM DIREITOS CREDITÓRIOS BIZCAPITAL EMPÍRICA PME RESPONSABILIDADE LIMITADA,762311.37,516009.02,168172882.98,516009.02,167656873.95999998,0.011479542005383965,0.711839224090875,False,campo_bruto_CVM_reprocessado
21,2026-06,52327088000154,63212949000175,52.327.088/0001-54,63.212.949/0001-75,DUBROVNIK FUNDO DE INVESTIMENTO EM DIREITOS CREDITÓRIOS,2046668.23,2104485.95,152856816.04,2104485.95,150752330.09,0.010322080239254298,0.7221613043301293,False,campo_bruto_CVM_reprocessado
22,2026-06,23293595000116,23293595000116,23.293.595/0001-16,23.293.595/0001-16,FUNDO DE INVESTIMENTO EM DIREITOS CREDITÓRIOS PREMIER,9334089.39,4893613.28,152805917.76,4893613.28,147912304.48,0.01012762240095451,0.7322889267310838,False,campo_bruto_CVM_reprocessado
23,2026-06,23033577000103,23033577000103,23.033.577/0001-03,23.033.577/0001-03,ILLUMINATI FUNDO DE INVESTIMENTO EM DIREITOS CREDITÓRIOS,32258222.63,0.0,128808206.21,0.0,128808206.21,0.008819556150012895,0.7411084828810967,False,campo_bruto_CVM_reprocessado
24,2026-06,63812734000195,63812734000195,63.812.734/0001-95,63.812.734/0001-95,FUNDO DE INVESTIMENTO EM DIREITOS CREDITÓRIOS CREDITAS TEMPUS IV,15513936.11,9469451.81,132908090.4,9469451.81,123438638.59,0.008451899425963241,0.7495603823070599,False,campo_bruto_CVM_reprocessado
25,2026-06,55374251000128,55374251000128,55.374.251/0001-28,55.374.251/0001-28,FUNDO DE INVESTIMENTO EM DIREITOS CREDITÓRIOS BLUE II SEGMENTO CRÉDITO CORPORATIVO DE RESP LTDA,43984629.1,43399957.38,163157734.51,43399957.38,119757777.13,0.00819986917663299,0.7577602514836929,False,campo_bruto_CVM_reprocessado
26,2026-06,39273613000138,39273613000138,39.273.613/0001-38,39.273.613/0001-38,VANGUARD FUNDO DE INVESTIMENTO EM DIREITOS CREDITÓRIOS,-694042.53,0.0,117821208.3,0.0,117821208.3,0.008067271432769496,0.7658275229164624,False,campo_bruto_CVM_reprocessado
27,2026-06,26758072000196,26758072000196,26.758.072/0001-96,26.758.072/0001-96,FUNDO DE INVESTIMENTO EM DIREITOS CREDITÓRIOS EMPÍRICA NOVERDE CRÉDITO PESSOAL,90787060.8,88716019.1,203732649.5,88716019.1,115016630.4,0.007875240715209399,0.7737027636316718,False,campo_bruto_CVM_reprocessado
28,2026-06,17015979000174,17015979000174,17.015.979/0001-74,17.015.979/0001-74,EXCLUSIVO FUNDO DE INVESTIMENTO EM DIREITOS CREDITÓRIOS MULTISEGMENTOS DE RESPONSABILIDADE LIMITADA,256890104.05,234957210.49,336218113.47,234957210.49,101260902.98000002,0.006933379835886454,0.7806361434675583,False,campo_bruto_CVM_reprocessado
29,2026-06,25248974000110,25248974000110,25.248.974/0001-10,25.248.974/0001-10,FUNDO DE INVESTIMENTO EM DIREITOS CREDITÓRIOS ANGÁ SABEMI CONSIGNADOS VI - RESPONSABILIDADE LIMITADA,56139932.1,53877956.35,153713010.84,53877956.35,99835054.49000001,0.0068357513447446375,0.787471894812303,False,campo_bruto_CVM_reprocessado
30,2026-06,45829761000199,45829761000199,45.829.761/0001-99,45.829.761/0001-99,FARMERS FIRST I FUNDO DE INVESTIMENTO EM DIREITOS CREDITÓRIOS,9199901.9,7187452.51,106756624.89,7187452.51,99569172.38,0.006817546276392037,0.794289441088695,False,campo_bruto_CVM_reprocessado
31,2026-06,45963809000157,45963809000157,45.963.809/0001-57,45.963.809/0001-57,PAYJOY I FUNDO DE INVESTIMENTO EM DIREITOS CREDITÓRIOS SEGMENTO FINANCEIRO,496711110.05,418356511.42,516955552.18,418356511.42,98599040.75999999,0.006751120925498292,0.8010405620141934,False,campo_bruto_CVM_reprocessado
32,2026-06,12330846000179,12330846000179,12.330.846/0001-79,12.330.846/0001-79,LHOTSE FUNDO DE INVESTIMENTO EM DIREITOS CREDITÓRIOS,1458174.99,99419.92,97671246.96,99419.92,97571827.03999999,0.006680787137394501,0.8077213491515879,False,campo_bruto_CVM_reprocessado
33,2026-06,63547404000110,63547404000110,63.547.404/0001-10,63.547.404/0001-10,FUNDO DE INVESTIMENTO EM DIREITOS CREDITÓRIOS VEXOR - RESPONSABILIDADE LIMITADA,-87864.34,0.0,90538297.11,0.0,90538297.11,0.00619919816122867,0.8139205473128166,False,campo_bruto_CVM_reprocessado
34,2026-06,38284301000167,38284301000167,38.284.301/0001-67,38.284.301/0001-67,SAV NEXOOS FUNDO DE INVESTIMENTO EM DIREITOS CREDITÓRIOS,706512.32,103411.35,85540557.79,103411.35,85437146.44000001,0.005849920067173137,0.8197704673799897,False,campo_bruto_CVM_reprocessado
35,2026-06,46073462000130,46073462000130,46.073.462/0001-30,46.073.462/0001-30,FUNDO DE INVESTIMENTO EM DIREITOS CREDITÓRIOS OPEN II RESPONSABILIDADE LIMITADA,20586726.89,15267338.47,98248725.86,15267338.47,82981387.39,0.005681773134072721,0.8254522405140624,False,campo_bruto_CVM_reprocessado
36,2026-06,41609394000167,41609394000167,41.609.394/0001-67,41.609.394/0001-67,VERSATILE FUNDO DE INVESTIMENTO EM DIREITOS CREDITÓRIOS RESPONSABILIDADE LIMITADA,48075421.31,45727879.47,127199972.49,45727879.47,81472093.02,0.005578431065777697,0.8310306715798401,False,campo_bruto_CVM_reprocessado
37,2026-06,55501349000107,55501349000107,55.501.349/0001-07,55.501.349/0001-07,LAUSANNE FUNDO DE INVESTIMENTO EM DIREITOS CREDITÓRIOS NÃO PADRONIZADOS,2259393.89,0.01,80198967.4,0.01,80198967.39,0.005491259577949511,0.8365219311577896,True,campo_bruto_CVM_reprocessado
38,2026-06,13344834000166,13344834000166,13.344.834/0001-66,13.344.834/0001-66,INCENTIVO FUNDO DE INVESTIMENTO EM DIREITOS CREDITÓRIOS MULTISSETORIAL II,-26083273.04,27474572.83,101746506.77,27474572.83,74271933.94,0.005085432916330949,0.8416073640741205,False,campo_bruto_CVM_reprocessado
39,2026-06,54114034000136,54114034000136,54.114.034/0001-36,54.114.034/0001-36,BRAVANO FUNDO DE INVESTIMENTO EM DIREITOS CREDITÓRIOS,147501531.31,150113892.69,223280363.08,150113892.69,73166470.39000002,0.005009741326968061,0.8466171054010886,False,campo_bruto_CVM_reprocessado
40,2026-06,42321262000106,42321262000106,42.321.262/0001-06,42.321.262/0001-06,SAINT-TROPEZ FUNDO DE INVESTIMENTO EM DIREITOS CREDITÓRIOS,7798485.16,72.9,72927996.02,72.9,72927923.11999999,0.004993407887476113,0.8516105132885647,False,campo_bruto_CVM_reprocessado
41,2026-06,41240074000182,41240074000182,41.240.074/0001-82,41.240.074/0001-82,NACIONAL FUNDO DE INVESTIMENTO EM DIREITOS CREDITÓRIOS,-15614.27,0.02,72570794.14,0.02,72570794.12,0.004968955103286549,0.8565794683918513,False,campo_bruto_CVM_reprocessado
42,2026-06,35844801000118,35844801000118,35.844.801/0001-18,35.844.801/0001-18,NF FUNDO DE INVESTIMENTO EM DIREITOS CREDITÓRIOS,6038065.82,5978354.39,76926754.11,5978354.39,70948399.72,0.004857869024772744,0.861437337416624,False,campo_bruto_CVM_reprocessado
43,2026-06,28849649000109,28849649000109,28.849.649/0001-09,28.849.649/0001-09,FUNDO DE INVESTIMENTO EM DIREITOS CREDITÓRIOS EMPÍRICA A55 SAAS,1106525.84,728536.32,59187337.71,728536.32,58458801.39,0.004002700577019059,0.865440037993643,False,campo_bruto_CVM_reprocessado
44,2026-06,36115099000114,36115099000114,36.115.099/0001-14,36.115.099/0001-14,VERTICAL BANK FUNDO DE INVESTIMENTO EM DIREITOS CREDITÓRIOS,1323786.13,1257935.91,55296140.79,1257935.91,54038204.88,0.003700020334170764,0.8691400583278137,False,campo_bruto_CVM_reprocessado
45,2026-06,45101831000198,45101831000198,45.101.831/0001-98,45.101.831/0001-98,ARISTA FUNDO DE INVESTIMENTO EM DIREITOS CREDITÓRIOS,-108121.88,0.0,53862567.15,0.0,53862567.15,0.003687994339341907,0.8728280526671556,False,campo_bruto_CVM_reprocessado
46,2026-06,37266557000189,37266557000189,37.266.557/0001-89,37.266.557/0001-89,FUNDO DE INVESTIMENTO EM DIREITOS CREDITÓRIOS TM II RESPONSABILIDADE LIMITADA,2778320.22,0.0,53789176.45,0.0,53789176.45,0.0036829692449121044,0.8765110219120676,False,campo_bruto_CVM_reprocessado
47,2026-06,35688153000158,35688153000158,35.688.153/0001-58,35.688.153/0001-58,MAGALU I FUNDO DE INVESTIMENTOS EM DIREITOS CREDITÓRIOS - RESPONSABILIDADE LIMITADA,46577039.45,17915440.21,71244825.42,17915440.21,53329385.21,0.003651487130706952,0.8801625090427746,False,campo_bruto_CVM_reprocessado
48,2026-06,10740479000156,10740479000156,10.740.479/0001-56,10.740.479/0001-56,FUNDO DE INVESTIMENTO EM DIREITOS CREDITÓRIOS CAIXA HABITAÇÃO,2653417.61,0.0,52672329.05,0.0,52672329.05,0.00360649819818984,0.8837690072409644,False,campo_bruto_CVM_reprocessado
49,2026-06,11989256000190,11989256000190,11.989.256/0001-90,11.989.256/0001-90,FIDC MULTISETORIAL MASTER II,742418.46,0.0,50206032.92,0.0,50206032.92,0.0034376297864550155,0.8872066370274194,False,campo_bruto_CVM_reprocessado
50,2026-06,57377862000155,57377862000155,57.377.862/0001-55,57.377.862/0001-55,AEDGER FUNDO DE INVESTIMENTO EM DIREITOS CREDITÓRIOS NÃO PADRONIZADOS,61330271.7,61492019.19,109467859.71,61492019.19,47975840.519999996,0.003284927503922918,0.8904915645313424,True,campo_bruto_CVM_reprocessado
51,2026-06,57354123000148,57354123000148,57.354.123/0001-48,57.354.123/0001-48,BLIPAY FUNDO DE INVESTIMENTO EM DIREITOS CREDITÓRIOS FINANCEIRO - RESPONSABILIDADE LIMITADA,114499201.89,87093186.22,132911142.11,87093186.22,45817955.89,0.003137176167113624,0.893628740698456,False,campo_bruto_CVM_reprocessado
52,2026-06,12144737000167,12144737000167,12.144.737/0001-67,12.144.737/0001-67,CREDIT BRASIL FUNDO DE INVESTIMENTO EM DIREITOS CREDITÓRIOS MULTISSETORIAL MASTER - EM LIQUIDAÇÃO,806691.96,15481.82,45488206.23,15481.82,45472724.41,0.0031135380115007113,0.8967422787099567,False,campo_bruto_CVM_reprocessado
53,2026-06,53075146000162,53075146000162,53.075.146/0001-62,53.075.146/0001-62,TRINU FUNDO DE INVESTIMENTO EM DIREITOS CREDITÓRIOS RESPONSABILIDADE LIMITADA,179247105.67,23999999.05,68667608.54,23999999.05,44667609.49000001,0.0030584114287069376,0.8998006901386636,False,campo_bruto_CVM_reprocessado
54,2026-06,10528349000154,10528349000154,10.528.349/0001-54,10.528.349/0001-54,CREDENCIAL - FUNDO DE INVESTIMENTO EM DIREITOS CREDITÓRIOS RESPONSABILIDADE LIMITADA,251620870.57,42017516.25,86649190.98,42017516.25,44631674.730000004,0.003055950959433415,0.902856641098097,False,campo_bruto_CVM_reprocessado
55,2026-06,53624183000182,53624183000182,53.624.183/0001-82,53.624.183/0001-82,PAGEDU FUNDO DE INVESTIMENTO EM DIREITOS CREDITÓRIOS,34050633.76,23042677.41,65060052.54,23042677.41,42017375.129999995,0.0028769486831532387,0.9057335897812503,False,campo_bruto_CVM_reprocessado
56,2026-06,11675457000112,11675457000112,11.675.457/0001-12,11.675.457/0001-12,FUNDO DE INVESTIMENTO EM DIREITOS CREDITORIOS MULTISETORIAL MASTER,953731.42,0.0,41115691.65,0.0,41115691.65,0.002815210007370161,0.9085487997886205,False,campo_bruto_CVM_reprocessado
57,2026-06,29242908000193,29242908000193,29.242.908/0001-93,29.242.908/0001-93,FUNDO DE INVESTIMENTO EM DIREITOS CREDITÓRIOS AGORA TELECOM,3197939.68,2891344.18,43296719.129999995,2891344.18,40405374.949999996,0.002766574301585016,0.9113153740902055,False,campo_bruto_CVM_reprocessado
58,2026-06,41287621000185,41287621000185,41.287.621/0001-85,41.287.621/0001-85,TRIPOLI NPL FUNDO DE INVESTIMENTO EM DIREITOS CREDITÓRIOS,119578575.54,12007426.98,51424468.44,12007426.98,39417041.45999999,0.002698902660418131,0.9140142767506236,False,campo_bruto_CVM_reprocessado
59,2026-06,41196339000192,41196339000192,41.196.339/0001-92,41.196.339/0001-92,SYNGENTA TECH I FUNDO DE INVESTIMENTO EM DIREITOS CREDITÓRIOS DE RESPONSABILIDADE ILIMITADA,52587089.83,64287841.61,103195443.79,64287841.61,38907602.18000001,0.002664021122454184,0.9166782978730779,False,campo_bruto_CVM_reprocessado
60,2026-06,28254169000197,28254169000197,28.254.169/0001-97,28.254.169/0001-97,VEGA FUNDO DE INVESTIMENTO EM DIREITOS CREDITÓRIOS MULTISSETORIAL RESPONSABILIDADE LIMITADA,1657451.54,0.0,38393530.93,0.0,38393530.93,0.002628822431408905,0.9193071203044868,False,campo_bruto_CVM_reprocessado
61,2026-06,11351413000137,11351413000137,11.351.413/0001-37,11.351.413/0001-37,CORAL FIDC MULTISETORIAL,-24467457.04,0.0,38281176.55,0.0,38281176.55,0.002621129476182944,0.9219282497806698,False,campo_bruto_CVM_reprocessado
62,2026-06,58059847000121,58059847000121,58.059.847/0001-21,58.059.847/0001-21,FUNDO DE INVESTIMENTO EM DIREITOS CREDITÓRIOS VOITER CONSIGNADO III - RESPONSABILIDADE LIMITADA,7828090.0,9203901.67,43546272.81,9203901.67,34342371.14,0.002351437687906394,0.9242796874685761,False,campo_bruto_CVM_reprocessado
63,2026-06,45953246000116,45953246000116,45.953.246/0001-16,45.953.246/0001-16,RUMOS DISTRIBUIDORA DE PETRÓLEO FUNDO DE INVESTIMENTO EM DIREITOS CREDITÓRIOS,31051233.72,30757674.44,64926449.32,30757674.44,34168774.879999995,0.002339551473451965,0.9266192389420281,False,campo_bruto_CVM_reprocessado
64,2026-06,12400426000111,12400426000111,12.400.426/0001-11,12.400.426/0001-11,MOKA FUND I FUNDO DE INVESTIMENTO EM DIREITOS CREDITÓRIOS,30603989.72,27124041.01,60735869.0,27124041.01,33611827.989999995,0.0023014170679396193,0.9289206560099678,False,campo_bruto_CVM_reprocessado
65,2026-06,41593704000100,41593704000100,41.593.704/0001-00,41.593.704/0001-00,INDÚSTRIA Q1 FUNDO DE INVESTIMENTO EM DIREITOS CREDITÓRIOS,5047068.67,0.0,33294571.67,0.0,33294571.67,0.0022796943841874315,0.9312003503941552,False,campo_bruto_CVM_reprocessado
66,2026-06,58341346000133,58341346000133,58.341.346/0001-33,58.341.346/0001-33,SOLAR MONT BLANC FUNDO DE INVESTIMENTO EM DIREITOS CREDITÓRIOS,5006757.07,5373866.14,35824786.36,5373866.14,30450920.22,0.0020849882829825726,0.9332853386771377,False,campo_bruto_CVM_reprocessado
67,2026-06,55693852000101,55693852000101,55.693.852/0001-01,55.693.852/0001-01,MÓDENA FUNDO DE INVESTIMENTO EM DIREITOS CREDITÓRIOS NÃO-PADRONIZADOS,35908119.64,0.0,28304778.1,0.0,28304778.1,0.0019380409611451054,0.9352233796382828,True,campo_bruto_CVM_reprocessado
68,2026-06,54020246000154,54020246000154,54.020.246/0001-54,54.020.246/0001-54,ROYAL CAPITAL FUNDO DE INVESTIMENTO EM DIREITOS CREDITÓRIOS,7628825.79,2483860.77,30565741.22,2483860.77,28081880.45,0.001922779058214201,0.9371461586964971,False,campo_bruto_CVM_reprocessado
69,2026-06,55255330000110,55255330000110,55.255.330/0001-10,55.255.330/0001-10,FUNDO DE INVESTIMENTO EM DIREITOS CREDITÓRIOS DE RESPONSABILIDADE LIMITADA INCLUSÃO FINANCEIRA PLUS,67540425.16,40228305.71,66866038.65,40228305.71,26637732.939999998,0.0018238976248947957,0.9389700563213919,False,campo_bruto_CVM_reprocessado
70,2026-06,10896292000146,10896292000146,10.896.292/0001-46,10.896.292/0001-46,INCENTIVO MULTISETORIAL I - FIDC,4069414.36,0.0,26279290.3,0.0,26279290.3,0.001799354895180162,0.940769411216572,False,campo_bruto_CVM_reprocessado
71,2026-06,60261285000146,60261285000146,60.261.285/0001-46,60.261.285/0001-46,FUNDO DE INVESTIMENTO EM DIREITOS CREDITÓRIOS LEIRIA - RESPONSABILIDADE LIMITADA,-120947.21,0.0,25833121.53,0.0,25833121.53,0.0017688055176585014,0.9425382167342304,False,campo_bruto_CVM_reprocessado
72,2026-06,59827367000126,59827367000126,59.827.367/0001-26,59.827.367/0001-26,DOTZFIN FUNDO DE INVESTIMENTO EM DIREITOS CREDITÓRIOS - RESPONSABILIDADE LIMITADA,10182056.72,7484972.66,31989866.46,7484972.66,24504893.8,0.0016778611641159883,0.9442160778983464,False,campo_bruto_CVM_reprocessado
73,2026-06,40794358000158,40794358000158,40.794.358/0001-58,40.794.358/0001-58,AUTO LOANS FUNDO DE INVESTIMENTO EM DIREITOS CREDITÓRIOS RESPONSABILIDADE LIMITADA,1371816.47,1061443.06,25317033.91,1061443.06,24255590.85,0.0016607912783487401,0.9458768691766951,False,campo_bruto_CVM_reprocessado
74,2026-06,43104380000117,43104380000117,43.104.380/0001-17,43.104.380/0001-17,MIXTEL MULTI FUNDO DE INVESTIMENTO EM DIREITOS CREDITÓRIOS,-485299.08,0.0,23732160.58,0.0,23732160.58,0.0016249517709701873,0.9475018209476653,False,campo_bruto_CVM_reprocessado
75,2026-06,45853950000105,45853950000105,45.853.950/0001-05,45.853.950/0001-05,FUNDO DE INVESTIMENTO EM DIREITOS CREDITÓRIOS BEES BANK RESPONSABILIDADE LIMITADA,5517286.2,135250.49,23181079.55,135250.49,23045829.060000002,0.0015779583413101622,0.9490797792889755,False,campo_bruto_CVM_reprocessado
76,2026-06,61918781000192,61918781000192,61.918.781/0001-92,61.918.781/0001-92,PARCELA DIÁRIA FUNDO DE INVESTIMENTO EM DIREITOS CREDITÓRIOS RESPONSABILIDADE LIMITADA,8025527.26,8038901.59,30415768.25,8038901.59,22376866.66,0.0015321541831540542,0.9506119334721295,False,campo_bruto_CVM_reprocessado
77,2026-06,55102997000182,55102997000182,55.102.997/0001-82,55.102.997/0001-82,ARC FIAGRO - DIREITOS CREDITÓRIOS - RESPONSABILIDADE LIMITADA,331911.96,0.03,21451330.27,0.03,21451330.24,0.00146878228577848,0.952080715757908,False,campo_bruto_CVM_reprocessado
78,2026-06,43143355000142,43143355000142,43.143.355/0001-42,43.143.355/0001-42,VLTZ I FUNDO DE INVESTIMENTO EM DIREITOS CREDITÓRIOS NÃO PADRONIZADO,63689379.59,52870824.12,74086720.38,52870824.12,21215896.259999998,0.0014526620146612364,0.9535333777725692,True,campo_bruto_CVM_reprocessado
79,2026-06,29292189000115,29292189000115,29.292.189/0001-15,29.292.189/0001-15,FUNDO DE INVESTIMENTO EM DIREITOS CREDITORIOS HENDRIKSEN,8755587.75,8775667.71,29907919.73,8775667.71,21132252.02,0.001446934855709093,0.9549803126282783,False,campo_bruto_CVM_reprocessado
80,2026-06,16502939000194,16502939000194,16.502.939/0001-94,16.502.939/0001-94,FUNDO DE INVESTIMENTO EM DIREITOS CREDITORIOS F COBALTO - FINANCEIRO,26581137.41,26334272.83,47283057.29,26334272.83,20948784.46,0.0014343727488780435,0.9564146853771563,False,campo_bruto_CVM_reprocessado
81,2026-06,10759034000118,10759034000118,10.759.034/0001-18,10.759.034/0001-18,PC FUNDO DE INVESTIMENTO EM DIREITOS CREDITÓRIOS - RESPONSABILIDADE LIMITADA,3335054.78,1663077.76,22052729.1,1663077.76,20389651.34,0.001396088651208581,0.9578107740283649,False,campo_bruto_CVM_reprocessado
82,2026-06,29226634000149,29226634000149,29.226.634/0001-49,29.226.634/0001-49,ARATU FUNDO DE INVESTIMENTO EM DIREITOS CREDITORIOS,6448585.28,6036809.57,26160526.72,6036809.57,20123717.15,0.0013778800169148204,0.9591886540452798,False,campo_bruto_CVM_reprocessado
83,2026-06,28152199000192,28152199000192,28.152.199/0001-92,28.152.199/0001-92,LD FUNDO DE INVESTIMENTO EM DIREITOS CREDITÓRIOS DE RESPONSABILIDADE LIMITADA,159964492.3,0.0,19693681.09,0.0,19693681.09,0.001348435253345045,0.9605370892986248,False,campo_bruto_CVM_reprocessado
84,2026-06,20906292000133,20906292000133,20.906.292/0001-33,20.906.292/0001-33,TRUST FUNDO DE INVESTIMENTO EM DIREITOS CREDITÓRIOS,22168098.25,20343618.4,38976974.32,20343618.4,18633355.92,0.0012758343092806525,0.9618129236079055,False,campo_bruto_CVM_reprocessado
85,2026-06,54856185000160,54856185000160,54.856.185/0001-60,54.856.185/0001-60,FDCE FUNDO DE INVESTIMENTO EM DIREITOS CREDITÓRIOS,24513422.59,15492638.95,33884075.79,15492638.95,18391436.84,0.0012592700004326511,0.9630721936083382,False,campo_bruto_CVM_reprocessado
86,2026-06,47463403000130,47463403000130,47.463.403/0001-30,47.463.403/0001-30,ARTESANAL CP AUTO FUNDO DE INVESTIMENTO EM DIREITOS CREDITÓRIOS - RESPONSABILIDADE LIMITADA,53441092.04,51280491.6,69404052.33,51280491.6,18123560.729999997,0.0012409284019979962,0.9643131220103361,False,campo_bruto_CVM_reprocessado
87,2026-06,52923834000172,52923834000172,52.923.834/0001-72,52.923.834/0001-72,FUNDO DE INVESTIMENTO EM DIREITOS CREDITÓRIOS COOPER CARD II - CRÉDITOS FINANCEIROS,72000774.17,63928706.34,81964710.34,63928706.34,18036004.0,0.0012349333530856036,0.9655480553634217,False,campo_bruto_CVM_reprocessado
88,2026-06,45853976000145,45853976000145,45.853.976/0001-45,45.853.976/0001-45,FUNDO DE INVESTIMENTO EM DIREITOS CREDITÓRIOS CREDITAS AUTO IX,17415581.18,14603127.78,32311175.42,14603127.78,17708047.64,0.0012124780327540852,0.9667605333961757,False,campo_bruto_CVM_reprocessado
89,2026-06,54233539000110,54233539000110,54.233.539/0001-10,54.233.539/0001-10,GARSON CARD FUNDO DE INVESTIMENTO EM DIREITOS CREDITÓRIOS - RESPONSABILIDADE LIMITADA,129019307.56,72415469.34,89178087.51,72415469.34,16762618.170000002,0.001147744049245707,0.9679082774454214,False,campo_bruto_CVM_reprocessado
90,2026-06,31523773000186,31523773000186,31.523.773/0001-86,31.523.773/0001-86,FUNDO DE INVESTIMENTO EM DIREITOS CREDITÓRIOS ALI CRÉDITO,3769388.78,3414230.96,19023996.36,3414230.96,15609765.399999999,0.0010688076985512778,0.9689770851439727,False,campo_bruto_CVM_reprocessado
91,2026-06,56052655000168,56052655000168,56.052.655/0001-68,56.052.655/0001-68,HORTÊNCIA FUNDO DE INVESTIMENTO EM DIREITOS CREDITÓRIOS,6101516.97,561617.48,15883651.57,561617.48,15322034.09,0.0010491066055904417,0.9700261917495632,False,campo_bruto_CVM_reprocessado
92,2026-06,47117740000176,47117740000176,47.117.740/0001-76,47.117.740/0001-76,ELLEVE NPL FUNDO DE INVESTIMENTO EM DIREITOS CREDITÓRIOS - RESPONSABILIDADE LIMITADA,1772175.83,1150034.27,15807043.12,1150034.27,14657008.85,0.0010035720265606433,0.9710297637761238,False,campo_bruto_CVM_reprocessado
93,2026-06,41970123000132,41970123000132,41.970.123/0001-32,41.970.123/0001-32,VECTOR EDGE FUNDO DE INVESTIMENTO EM DIREITOS CREDITORIOS,5019201.08,3984071.96,18637436.75,3984071.96,14653364.79,0.0010033225161239275,0.9720330862922477,False,campo_bruto_CVM_reprocessado
94,2026-06,42462120000150,42462120000150,42.462.120/0001-50,42.462.120/0001-50,SIFRA ENERGY PODIUM FUNDO DE INVESTIMENTO EM DIREITOS CREDITÓRIOS,15152673.01,6831975.44,21230915.82,6831975.44,14398940.379999999,0.0009859019616736112,0.9730189882539213,False,campo_bruto_CVM_reprocessado
95,2026-06,42518335000146,42518335000146,42.518.335/0001-46,42.518.335/0001-46,AFA CREDIT OPPORTUNITY FUNDO DE INVESTIMENTO EM DIREITOS CREDITORIOS,11006726.19,28329.39,13853160.56,28329.39,13824831.17,0.0009465924443469002,0.9739655806982682,False,campo_bruto_CVM_reprocessado
96,2026-06,39863075000131,39863075000131,39.863.075/0001-31,39.863.075/0001-31,FINANZA PRIME FUNDO DE INVESTIMENTO EM DIREITOS CREDITORIOS,2490337.59,2485861.97,16117226.49,2485861.97,13631364.52,0.0009333456953001192,0.9748989263935683,False,campo_bruto_CVM_reprocessado
97,2026-06,55633169000170,55633169000170,55.633.169/0001-70,55.633.169/0001-70,FUNDO DE INVESTIMENTO EM DIREITOS CREDITÓRIOS AMETISTA II - RESPONSABILIDADE LIMITADA,140063628.33,10014465.29,23644346.54,10014465.29,13629881.25,0.000933244135132211,0.9758321705287005,False,campo_bruto_CVM_reprocessado
98,2026-06,49974540000165,49974540000165,49.974.540/0001-65,49.974.540/0001-65,HT3 II FUNDO DE INVESTIMENTO EM DIREITOS CREDITÓRIOS NÃO PADRONIZADO,4605771.4,6607088.779999999,19005860.34,6607088.779999999,12398771.56,0.0008489494977231777,0.9766811200264237,True,campo_bruto_CVM_reprocessado
99,2026-06,23669183000138,23669183000138,23.669.183/0001-38,23.669.183/0001-38,FUNDO DE INVESTIMENTO EM DIREITOS CREDITÓRIOS EMPÍRICA PREMIER CAPITAL MULTISETORIAL LONGO PRAZO,149973.18,1067196.35,13155987.78,1067196.35,12088791.43,0.0008277250179919238,0.9775088450444156,False,campo_bruto_CVM_reprocessado
100,2026-06,45964979000156,45964979000156,45.964.979/0001-56,45.964.979/0001-56,LIMELIGHT FUNDO DE INVESTIMENTO EM DIREITOS CREDITÓRIOS - RESPONSABILIADE LIMITADA,17858956.03,16308603.37,28214209.73,16308603.37,11905606.360000001,0.0008151822533789685,0.9783240272977946,False,campo_bruto_CVM_reprocessado
101,2026-06,26000055000195,26000055000195,26.000.055/0001-95,26.000.055/0001-95,SILVER STONE FUNDO DE INVESTIMENTO EM DIREITOS CREDITÓRIOS MULTISSETORIAL,2284971.8,2178198.4699999997,13212055.45,2178198.4699999997,11033856.98,0.0007554931789646084,0.9790795204767592,False,campo_bruto_CVM_reprocessado
102,2026-06,40188893000165,40188893000165,40.188.893/0001-65,40.188.893/0001-65,BAVIERA FUNDO DE INVESTIMENTO EM DIREITOS CREDITÓRIOS - RESPONSABILIDADE LIMITADA,35750868.37,42056956.22,53016394.01,42056956.22,10959437.79,0.0007503976633592329,0.9798299181401184,False,campo_bruto_CVM_reprocessado
103,2026-06,36359698000183,36359698000183,36.359.698/0001-83,36.359.698/0001-83,U.NIC FUNDO DE INVESTIMENTO EM DIREITOS CREDITÓRIOS,7010781.48,4559982.98,15411660.59,4559982.98,10851677.61,0.000743019275085616,0.980572937415204,False,campo_bruto_CVM_reprocessado
104,2026-06,45144657000160,45144657000160,45.144.657/0001-60,45.144.657/0001-60,VECTIS PRO SOLUTTI CRÉDITOS JUDICIAIS FIDC DE RESPONSABILIDADE LIMITADA,25731273.86,26473482.54,37150636.06,26473482.54,10677153.520000003,0.0007310695316913525,0.9813040069468953,False,campo_bruto_CVM_reprocessado
105,2026-06,44372728000110,44372728000110,44.372.728/0001-10,44.372.728/0001-10,AURORA FUNDO DE INVESTIMENTO EM DIREITOS CREDITÓRIOS NÃO PADRONIZADOS - RESPONSABILIDADE LIMITADA,133985895.65,92670464.74,102886735.93,92670464.74,10216271.190000013,0.0006995127100603086,0.9820035196569556,True,campo_bruto_CVM_reprocessado
106,2026-06,51507981000107,51507981000107,51.507.981/0001-07,51.507.981/0001-07,EVEN CREDIT FUNDO DE INVESTIMENTO EM DIREITOS CREDITÓRIOS - RESPONSABILIDADE LIMITADA,2459711.3,0.0,10063781.37,0.0,10063781.37,0.0006890716631009025,0.9826925913200566,False,campo_bruto_CVM_reprocessado
107,2026-06,20998989000181,20998989000181,20.998.989/0001-81,20.998.989/0001-81,VERUM II FUNDO DE INVESTIMENTO EM DIREITOS CREDITÓRIOS NÃO PADRONIZADOS RESPONSABILIDADE LIMITADA,3029669.61,2796741.95,12713706.8,2796741.95,9916964.850000001,0.0006790190695590095,0.9833716103896156,True,campo_bruto_CVM_reprocessado
108,2026-06,51554551000138,51554551000138,51.554.551/0001-38,51.554.551/0001-38,CLASSE ÚNICA DO FIDC CRÉDITO NITRO AGRO - RESPONSABILIDADE LIMITADA,64451699.14,16376049.44,26243086.78,16376049.44,9867037.340000002,0.0006756005103628862,0.9840472108999785,False,campo_bruto_CVM_reprocessado
109,2026-06,55626390000100,55626390000100,55.626.390/0001-00,55.626.390/0001-00,OX FUNDO DE INVESTIMENTO EM DIREITOS CREDITÓRIOS,0.0,0.0,9431883.31,0.0,9431883.31,0.0006458053170719214,0.9846930162170504,False,campo_bruto_CVM_reprocessado
110,2026-06,14283986000169,14283986000169,14.283.986/0001-69,14.283.986/0001-69,FRAM CAPITAL NANSEN II FUNDO DE INVESTIMENTO EM DIREITOS CREDITÓRIOS - NÃO PADRONIZADO,22195822.42,16796050.88,25508604.41,16796050.88,8712553.530000001,0.0005965524816218001,0.9852895686986722,True,campo_bruto_CVM_reprocessado
111,2026-06,54996578000179,54996578000179,54.996.578/0001-79,54.996.578/0001-79,SANREMO FUNDO DE INVESTIMENTO EM DIREITOS CREDITÓRIOS,61231191.9,58073728.28,66695638.21,58073728.28,8621909.93,0.0005903460733240558,0.9858799147719963,False,campo_bruto_CVM_reprocessado
112,2026-06,43444591000107,43444591000107,43.444.591/0001-07,43.444.591/0001-07,FUNDO DE INVESTIMENTO EM DIREITOS CREDITÓRIOS OUZE - RESPONSABILIDADE LIMITADA,7661363.89,7452964.6,16042288.89,7452964.6,8589324.290000001,0.0005881149198120228,0.9864680296918084,False,campo_bruto_CVM_reprocessado
113,2026-06,57993612000140,57993612000140,57.993.612/0001-40,57.993.612/0001-40,D&C JUDICIAIS II - FUNDO DE INVESTIMENTO EM DIREITOS CREDITÓRIOS RECUPERAÇÃO DE CRÉDITO,775518.43,0.0,8500000.0,0.0,8500000.0,0.0005819988452668136,0.9870500285370751,False,campo_bruto_CVM_reprocessado
114,2026-06,57779658000160,57779658000160,57.779.658/0001-60,57.779.658/0001-60,GUARDIAN WAREHOUSE FUNDO DE INVESTIMENTO EM DIREITOS CREDITÓRIOS - RESPONSABILIDADE LIMITADA,183699.59,0.0,7980626.99,0.0,7980626.99,0.000546437140315902,0.987596465677391,False,campo_bruto_CVM_reprocessado
115,2026-06,45525103000103,45525103000103,45.525.103/0001-03,45.525.103/0001-03,JOB FUNDO DE INVESTIMENTO EM DIREITOS CREDITÓRIOS - RESPONSABILIDADE LIMITADA,8197130.73,6050109.93,13756882.94,6050109.93,7706773.01,0.0005276862344180524,0.988124151911809,False,campo_bruto_CVM_reprocessado
116,2026-06,51781164000134,51781164000134,51.781.164/0001-34,51.781.164/0001-34,NEW INTER FUNDO DE INVESTIMENTO EM DIREITOS CREDITÓRIOS,10293223.8,10637223.41,18328987.16,10637223.41,7691763.75,0.0005266585435958984,0.9886508104554049,False,campo_bruto_CVM_reprocessado
117,2026-06,32321319000105,32321319000105,32.321.319/0001-05,32.321.319/0001-05,BRAFIC CONSTRUÇÃO CIVIL FI EM DIREITOS CREDITÓRIOS NÃO-PADRONIZADOS RESPONSABILIDADE LIMITADA,1408472.93,1869005.63,9542856.11,1869005.63,7673850.4799999995,0.0005254320138953157,0.9891762424693002,True,campo_bruto_CVM_reprocessado
118,2026-06,54774876000114,54774876000114,54.774.876/0001-14,54.774.876/0001-14,MONEY MONEY FUNDO DE INVESTIMENTO EM DIREITOS CREDITÓRIOS - RESPONSABILIDADE LIMITADA,5296277.44,5292650.39,12717673.58,5292650.39,7425023.19,0.0005083946967834486,0.9896846371660837,False,campo_bruto_CVM_reprocessado
119,2026-06,52306146000163,52306146000163,52.306.146/0001-63,52.306.146/0001-63,FUNDO DE INVESTIMENTO EM DIREITOS CREDITÓRIOS OPEN PME I SEGMENTO FINANCEIRO DE RESP LIMITADA,24337486.66,20584579.05,27689773.17,20584579.05,7105194.120000001,0.0004864958556748888,0.9901711330217585,False,campo_bruto_CVM_reprocessado
120,2026-06,61746700000114,61746700000114,61.746.700/0001-14,61.746.700/0001-14,VERSÁTIL GESTÃO DE CAPITAL FUNDO DE INVESTIMENTO EM DIREITOS CREDITÓRIOS,3596609.34,3653335.15,9897865.42,3653335.15,6244530.27,0.0004275658125145487,0.9905986988342731,False,campo_bruto_CVM_reprocessado
121,2026-06,59715778000120,59715778000120,59.715.778/0001-20,59.715.778/0001-20,MALCOM FUNDO DE INVESTIMENTO EM DIREITOS CREDITÓRIOS NP,14588945.76,14615414.22,20712431.51,14615414.22,6097017.290000001,0.000417465532041388,0.9910161643663145,False,campo_bruto_CVM_reprocessado
122,2026-06,20867468000195,20867468000195,20.867.468/0001-95,20.867.468/0001-95,INTERSECTOR CRÉDITO ESTUDANTIL FUNDO DE INVESTIMENTO EM DIREITOS CREDITÓRIOS,1357858.19,961229.86,6809306.34,961229.86,5848076.4799999995,0.00040042044216376607,0.9914165848084783,False,campo_bruto_CVM_reprocessado
123,2026-06,27467600000110,27467600000110,27.467.600/0001-10,27.467.600/0001-10,FUNDO DE INVESTIMENTO EM DIREITOS CREDITORIOS LOTEAMENTO,0.01,0.0,5517762.42,0.0,5517762.42,0.00037780368904666105,0.9917943884975249,False,campo_bruto_CVM_reprocessado
124,2026-06,55174856000175,55174856000175,55.174.856/0001-75,55.174.856/0001-75,PONTAL FUNDO DE INVESTIMENTO EM DIREITOS CREDITÓRIOS,1463537.92,1165703.64,6614091.82,1165703.64,5448388.180000001,0.000373053603450042,0.992167442100975,False,campo_bruto_CVM_reprocessado
125,2026-06,24814759000176,24814759000176,24.814.759/0001-76,24.814.759/0001-76,FUNDO DE INVESTIMENTO EM DIREITOS CREDITÓRIOS MAIS LOTES - RESPONSABILIDADE LIMITADA,1597331.54,0.0,5383700.57,0.0,5383700.57,0.0003686244135296808,0.9925360665145047,False,campo_bruto_CVM_reprocessado
126,2026-06,36312154000166,36312154000166,36.312.154/0001-66,36.312.154/0001-66,FUNDO DE INVESTIMENTO EM DIREITOS CREDITÓRIOS SEBRAE MPE,52284.72,110659.96,5447826.96,110659.96,5337167.0,0.00036543823894072283,0.9929015047534454,False,campo_bruto_CVM_reprocessado
127,2026-06,51764889000114,51764889000114,51.764.889/0001-14,51.764.889/0001-14,BIGTRADE SUNO FUNDO DE INVESTIMENTO - RESP LIMITADA - DIREITOS CREDITÓRIOS,4001631.09,5370217.1,10701420.0,5370217.1,5331202.9,0.0003650298743156574,0.993266534627761,False,campo_bruto_CVM_reprocessado
128,2026-06,59388724000105,59388724000105,59.388.724/0001-05,59.388.724/0001-05,FUNDO DE INVESTIMENTO EM DIREITOS CREDITÓRIOS KREDITKARTE,10342072.19,229563.63,5254857.94,229563.63,5025294.3100000005,0.0003440841747701046,0.9936106188025311,False,campo_bruto_CVM_reprocessado
129,2026-06,22998896000182,22998896000182,22.998.896/0001-82,22.998.896/0001-82,BRASIL PLURAL SPECIAL SITUATIONS FUNDO DE INVESTIMENTO EM DIREITOS CREDITÓRIOS,274346.66,0.0,5004500.0,0.0,5004500.0,0.00034266037895738457,0.9939532791814885,False,campo_bruto_CVM_reprocessado
130,2026-06,34691300000186,34691300000186,34.691.300/0001-86,34.691.300/0001-86,ALPHA CRÉDITO - FUNDO DE INVESTIMENTO EM DIREITOS CREDITÓRIOS,11747740.57,9635680.069999998,14552750.6,9635680.069999998,4917070.530000001,0.00033667404359476237,0.9942899532250832,False,campo_bruto_CVM_reprocessado
131,2026-06,51596429000124,51596429000124,51.596.429/0001-24,51.596.429/0001-24,LC I FUNDO DE INVESTIMENTO EM DIREITOS CREDITÓRIOS,2954430.14,4568480.0,9136960.0,4568480.0,4568480.0,0.0003128058923087686,0.9946027591173919,False,campo_bruto_CVM_reprocessado
132,2026-06,56834392000149,56834392000149,56.834.392/0001-49,56.834.392/0001-49,RAT FUNDO DE INVESTIMENTO EM DIREITOS CREDITÓRIOS RESPONSABILIDADE LIMITADA,13199419.91,16093311.34,20444787.05,16093311.34,4351475.710000001,0.00029794751040312803,0.9949007066277951,False,campo_bruto_CVM_reprocessado
133,2026-06,26812976000152,26812976000152,26.812.976/0001-52,26.812.976/0001-52,FUNDO DE INVESTIMENTO EM DIREITOS CREDITÓRIOS EMPÍRICA IMOBILIÁRIO MULTI,2648711.69,1983749.93,6285839.0,1983749.93,4302089.07,0.0002945659848205859,0.9951952726126156,False,campo_bruto_CVM_reprocessado
134,2026-06,31030854000144,31030854000144,31.030.854/0001-44,31.030.854/0001-44,GRIF CRÉDITO PULVERIZADO FUNDO DE INVESTIMENTO EM DIREITOS CREDITÓRIOS DE RESPONSABILIDADE LIMITADA,6633469.03,5995713.4,10208837.72,5995713.4,4213124.32,0.00028847452814182703,0.9954837471407575,False,campo_bruto_CVM_reprocessado
135,2026-06,53765941000182,53765941000182,53.765.941/0001-82,53.765.941/0001-82,COHAB MINAS FUNDO DE INVESTIMENTO EM DIREITOS CREDITÓRIOS IMOBILIÁRIOS DE RESPONSABILIDADE LIMITADA,11597177.36,13877358.03,17765387.5,13877358.03,3888029.4700000007,0.0002662151366945108,0.995749962277452,False,campo_bruto_CVM_reprocessado
136,2026-06,60493763000143,60493763000143,60.493.763/0001-43,60.493.763/0001-43,CLM II FUNDO DE INVESTIMENTO EM DIREITOS CREDITÓRIOS MULTISSETORIAL,5073390.01,4914988.789999999,8753293.51,4914988.789999999,3838304.7200000007,0.00026281046056731306,0.9960127727380194,False,campo_bruto_CVM_reprocessado
137,2026-06,47240716000120,47240716000120,47.240.716/0001-20,47.240.716/0001-20,PORTOSEG FUNDO DE INVESTIMENTO EM DIREITOS CREDITÓRIOS DE RESPONSABILIDADE ILIMITADA,10983998.9,8247826.09,12010325.77,8247826.09,3762499.6799999997,0.00025762005518550066,0.9962703927932048,False,campo_bruto_CVM_reprocessado
138,2026-06,49466992000136,49466992000136,49.466.992/0001-36,49.466.992/0001-36,MARCA I FUNDO DE INVESTIMENTO EM DIREITOS CREDITÓRIOS,7206102.7,6756540.83,9966463.26,6756540.83,3209922.4299999997,0.0002197848409007111,0.9964901776341055,False,campo_bruto_CVM_reprocessado
139,2026-06,17031327000123,17031327000123,17.031.327/0001-23,17.031.327/0001-23,BRASFOR CONSOLIDADOR FUNDO DE INVESTIMENTO EM DIREITOS CREDITÓRIOS MULTISEGMENTOS,99474402.73,185.13,3074722.69,185.13,3074537.56,0.00021051497760581726,0.9967006926117113,False,campo_bruto_CVM_reprocessado
140,2026-06,39703077000163,39703077000163,39.703.077/0001-63,39.703.077/0001-63,QANTIC IONIQ FUNDO DE INVESTIMENTO EM DIREITOS CREDITÓRIOS,994923.01,1267429.33,4300003.11,1267429.33,3032573.7800000003,0.00020764169860546073,0.9969083343103168,False,campo_bruto_CVM_reprocessado
141,2026-06,58274981000145,58274981000145,58.274.981/0001-45,58.274.981/0001-45,P1 FUNDO DE INVESTIMENTO EM DIREITOS CREDITÓRIOS - RESPONSABILIDADE LIMITADA,40960297.13,0.0,2984733.34,0.0,2984733.34,0.00020436604203639527,0.9971127003523532,False,campo_bruto_CVM_reprocessado
142,2026-06,47151680000108,47151680000108,47.151.680/0001-08,47.151.680/0001-08,FARM TECH IBBA I FUNDO DE INVESTIMENTO EM DIREITOS CREDITÓRIOS RESPONSABILIDADE LIMITADA,9399387.71,2813571.42,5670846.48,2813571.42,2857275.0600000005,0.0001956389159446666,0.9973083392682979,False,campo_bruto_CVM_reprocessado
143,2026-06,45525150000157,45525150000157,45.525.150/0001-57,45.525.150/0001-57,CITRINO FUNDO DE INVESTIMENTO EM DIREITOS CREDITÓRIOS NÃO PADRONIZADOS,14016776.04,5880166.47,8629721.33,5880166.47,2749554.8600000003,0.00018826326511973596,0.9974966025334177,True,campo_bruto_CVM_reprocessado
144,2026-06,50519168000186,50519168000186,50.519.168/0001-86,50.519.168/0001-86,STRUTTURA AGRO FUNDO DE INVESTIMENTO EM DIREITOS CREDITÓRIOS DO AGRONEGÓCIO DE RESPONSABILIDADE LTDA,78290.63,0.0,2742465.0,0.0,2742465.0,0.00018777781919819436,0.9976843803526159,False,campo_bruto_CVM_reprocessado
145,2026-06,41341232000190,41341232000190,41.341.232/0001-90,41.341.232/0001-90,HOLDER FUNDO DE INVESTIMENTO EM DIREITOS CREDITÓRIOS NÃO PADRONIZADOS,10032658.15,13342891.83,15723423.33,13342891.83,2380531.5,0.0001629960687201501,0.997847376421336,True,campo_bruto_CVM_reprocessado
146,2026-06,52352829000157,52352829000157,52.352.829/0001-57,52.352.829/0001-57,LONG LIFE FUNDO DE INVESTIMENTO EM DIREITOS CREDITÓRIOS NÃO-PADRONIZADO,4559656.69,199.13,2374894.63,199.13,2374695.5,0.00016259647516003514,0.9980099728964961,True,campo_bruto_CVM_reprocessado
147,2026-06,45512077000189,45512077000189,45.512.077/0001-89,45.512.077/0001-89,ALEVI FUNDO DE INVESTIMENTO EM DIREITOS CREDITÓRIOS,4397410.12,0.0,2335733.65,0.0,2335733.65,0.00015992873966480468,0.9981699016361608,False,campo_bruto_CVM_reprocessado
148,2026-06,57691078000117,57691078000117,57.691.078/0001-17,57.691.078/0001-17,MENTORE II FUNDO DE INVESTIMENTO EM DIREITOS CREDITÓRIOS,106952.59,260278.03,2580825.02,260278.03,2320546.99,0.00015888890218439768,0.9983287905383452,False,campo_bruto_CVM_reprocessado
149,2026-06,47388724000118,47388724000118,47.388.724/0001-18,47.388.724/0001-18,3R - FUNDO DE INVESTIMENTO EM DIREITOS CREDITÓRIOS NÃO PADRONIZADOS RESPONSABILIDADE LIMITADA,-28327.24,3811542.46,6092631.23,3811542.46,2281088.7700000005,0.00015618718001071723,0.998484977718356,True,campo_bruto_CVM_reprocessado
150,2026-06,27538303000119,27538303000119,27.538.303/0001-19,27.538.303/0001-19,VENNTURE FUNDO DE INVESTIMENTO EM DIREITOS CREDITÓRIOS,3386676.91,3379061.04,5339732.23,3379061.04,1960671.1900000004,0.00013424804335622465,0.9986192257617122,False,campo_bruto_CVM_reprocessado
151,2026-06,64096545000126,64096545000126,64.096.545/0001-26,64.096.545/0001-26,FEX AGRO FIDC RESPONSABILIDADE LIMITADA,16070339.24,6462637.77,8410512.45,6462637.77,1947874.6799999997,0.000133371860527584,0.9987525976222398,False,campo_bruto_CVM_reprocessado
152,2026-06,60113723000129,60113723000129,60.113.723/0001-29,60.113.723/0001-29,FAIR DRIVE FUNDO DE INVESTIMENTO EM DIREITOS CREDITÓRIOS DE RESPONSABILIDADE LIMITADA,4853407.15,2595300.53,4519734.28,2595300.53,1924433.7500000005,0.0001317668494461746,0.9988843644716859,False,campo_bruto_CVM_reprocessado
153,2026-06,49684321000141,49684321000141,49.684.321/0001-41,49.684.321/0001-41,MILAGRE FUNDO DE INVESTIMENTO EM DIREITOS CREDITÓRIOS RESPONSABILIDADE LIMITADA,25106338.27,20325324.950000003,21998439.37,20325324.950000003,1673114.419999998,0.00011455890122814747,0.9989989233729141,False,campo_bruto_CVM_reprocessado
154,2026-06,44395545000110,44395545000110,44.395.545/0001-10,44.395.545/0001-10,CONDOCONTA FUNDO DE INVESTIMENTO EM DIREITOS CREDITÓRIOS,42888201.2,55921429.02,57468768.14,55921429.02,1547339.1199999973,0.00010594700953837247,0.9991048703824524,False,campo_bruto_CVM_reprocessado
155,2026-06,55157099000121,55157099000121,55.157.099/0001-21,55.157.099/0001-21,GOLDEN TREE FUNDO DE INVESTIMENTO EM DIREITOS CREDITÓRIOS CONSIGNADO PRIVADO,3161916.17,2888812.18,4178355.77,2888812.18,1289543.5899999999,8.829563297661426e-05,0.9991931660154291,False,campo_bruto_CVM_reprocessado
156,2026-06,56746022000150,56746022000150,56.746.022/0001-50,56.746.022/0001-50,BJ FUNDO DE INVESTIMENTO EM DIREITOS CREDITÓRIOS,-72305.93,23234.75,1242500.0,23234.75,1219265.25,8.348364324399445e-05,0.999276649658673,False,campo_bruto_CVM_reprocessado
157,2026-06,20997814000150,20997814000150,20.997.814/0001-50,20.997.814/0001-50,SPECIAL SITUATIONS FUNDO DE INVESTIMENTO EM DIREITOS CREDITÓRIOS,17512502.97,7900000.0,9095862.52,7900000.0,1195862.5199999996,8.188124773386607e-05,0.9993585309064069,False,campo_bruto_CVM_reprocessado
158,2026-06,53327560000111,53327560000111,53.327.560/0001-11,53.327.560/0001-11,LEVANTE - MICROCRÉDITO FUNDO DE INVESTIMENTO EM DIREITOS CREDITÓRIOS,3424876.45,2101109.97,3247819.01,2101109.97,1146709.0399999996,7.85156867220019e-05,0.9994370465931289,False,campo_bruto_CVM_reprocessado
159,2026-06,46405748000175,46405748000175,46.405.748/0001-75,46.405.748/0001-75,CARBON CORP FUNDO DE INVESTIMENTO EM DIREITOS CREDITÓRIOS DE RESPONSABILIDADE LIMITADA,859207.15,0.0,1032511.27,0.0,1032511.27,7.069651374882014e-05,0.9995077431068777,False,campo_bruto_CVM_reprocessado
160,2026-06,32990687000146,32990687000146,32.990.687/0001-46,32.990.687/0001-46,MUNDI FUNDO DE INVESTIMENTO EM DIREITOS CREDITÓRIOS MULTISEGMENT0S,17318893.24,7464503.27,8363534.87,7464503.27,899031.6000000006,6.155710035980897e-05,0.9995693002072376,False,campo_bruto_CVM_reprocessado
161,2026-06,51732995000116,51732995000116,51.732.995/0001-16,51.732.995/0001-16,TESLA FUNDO DE INVESTIMENTO EM DIREITOS CREDITÓRIOS MULTISSETORIAL,372304.45,174168.57,1042397.01,174168.57,868228.44,5.9447994059741994e-05,0.9996287482012973,False,campo_bruto_CVM_reprocessado
162,2026-06,43806680000148,43806680000148,43.806.680/0001-48,43.806.680/0001-48,TULIPA FUNDO DE INVESTIMENTO EM DIREITOS CREDITÓRIOS,11784018.73,9558645.08,10422710.04,9558645.08,864064.959999999,5.916291870064881e-05,0.999687911119998,False,campo_bruto_CVM_reprocessado
163,2026-06,23077070000143,23077070000143,23.077.070/0001-43,23.077.070/0001-43,CHEHOHA FUNDO DE INVESTIMENTO EM DIREITOS CREDITÓRIOS MULTISEGMENTOS,3269681.96,1862428.5,2590371.82,1862428.5,727943.3199999998,4.9842608430551826e-05,0.9997377537284285,False,campo_bruto_CVM_reprocessado
164,2026-06,60079965000143,60079965000143,60.079.965/0001-43,60.079.965/0001-43,AXXIS FUNDO DE INVESTIMENTO EM DIREITOS CREDITÓRIOS,1485386.35,1479319.93,2163265.4,1479319.93,683945.47,4.6830055737113896e-05,0.9997845837841657,False,campo_bruto_CVM_reprocessado
165,2026-06,47669281000133,47669281000133,47.669.281/0001-33,47.669.281/0001-33,AGAZZII FUNDO DE INVESTIMENTO EM DIREITOS CREDITORIOS NÃO-PADRONIZADOS,1891123.07,514856.45,1034596.26,514856.45,519739.81,3.558681991284625e-05,0.9998201706040786,True,campo_bruto_CVM_reprocessado
166,2026-06,55708679000160,55708679000160,55.708.679/0001-60,55.708.679/0001-60,AMETISTA I FUNDO DE INVESTIMENTO EM DIREITOS CREDITÓRIOS RESPONSABILIDADE LIMITADA,14914171.5,539859.84,1036367.69,539859.84,496507.85,3.3996117101871566e-05,0.9998541667211804,False,campo_bruto_CVM_reprocessado
167,2026-06,40211675000102,40211675000102,40.211.675/0001-02,40.211.675/0001-02,G VALUE FUNDO DE INVESTIMENTO EM DIREITOS CREDITÓRIOS NÃO PADRONIZADO,514234913.95,2986.27,421488.88,2986.27,418502.61,2.8655063030723252e-05,0.9998828217842112,True,campo_bruto_CVM_reprocessado
168,2026-06,32969493000169,32969493000169,32.969.493/0001-69,32.969.493/0001-69,LIBER FUNDO DE INVESTIMENTO EM DIREITOS CREDITÓRIOS NÃO PADRONIZADO,10286538.34,305438.47,707657.11,305438.47,402218.64,2.754009223821038e-05,0.9999103618764494,True,campo_bruto_CVM_reprocessado
169,2026-06,35715919000146,35715919000146,35.715.919/0001-46,35.715.919/0001-46,ORYX FUNDO DE INVESTIMENTO EM DIREITOS CREDITORIOS,1515519.95,1190171.7,1487714.62,1190171.7,297542.92000000016,2.0372898336154824e-05,0.9999307347747856,False,campo_bruto_CVM_reprocessado
170,2026-06,52842504000152,52842504000152,52.842.504/0001-52,52.842.504/0001-52,REAG SPORTAINMENT CLAIMS FUNDO DE INVESTIMENTO EM DIREITOS CREDITÓRIOS NÃO PADRONIZADO,-72347.79,135.99,248317.83,135.99,248181.84,1.699312285837566e-05,0.999947727897644,True,campo_bruto_CVM_reprocessado
171,2026-06,46557432000107,46557432000107,46.557.432/0001-07,46.557.432/0001-07,ACELERA CASH FUNDO DE INVESTIMENTO EM DIREITOS CREDITÓRIOS,4300306.27,1931896.58,2144010.26,1931896.58,212113.6799999997,1.4523519626505205e-05,0.9999622514172705,False,campo_bruto_CVM_reprocessado
172,2026-06,22061694000100,22061694000100,22.061.694/0001-00,22.061.694/0001-00,FUNDO DE INVESTIMENTO EM DIREITOS CREDITÓRIOS BREOF REAL ESTATE CREDIT RESPONSABILIDADE LIMITADA,1935803.45,309671.97,518819.0,309671.97,209147.03000000003,1.4320391758939252e-05,0.9999765718090294,False,campo_bruto_CVM_reprocessado
173,2026-06,26560778000149,26560778000149,26.560.778/0001-49,26.560.778/0001-49,MASSAU FUNDO DE INVESTIMENTO EM DIREITOS CREDITORIOS,6491660.08,6194693.54,6295222.85,6194693.54,100529.30999999959,6.883287333584623e-06,0.999983455096363,False,campo_bruto_CVM_reprocessado
174,2026-06,13004286000125,13004286000125,13.004.286/0001-25,13.004.286/0001-25,APOLO - FUNDO DE INVESTIMENTO EM DIREITOS CREDITÓRIOS MULTISEGMENTOS,79506941.28,7039023.11,7110124.35,7039023.11,71101.23999999929,4.868334067886843e-06,0.9999883234304309,False,campo_bruto_CVM_reprocessado
175,2026-06,54965252000184,54965252000184,54.965.252/0001-84,54.965.252/0001-84,KRENAK FUNDO DE INVESTIMENTOS EM DIREITOS CREDITORIOS,1672736.39,161380.7,225778.03,161380.7,64397.32999999999,4.40931431744305e-06,0.9999927327447483,False,campo_bruto_CVM_reprocessado
176,2026-06,64317082000185,64317082000185,64.317.082/0001-85,64.317.082/0001-85,IZ FUNDO DE INVESTIMENTO EM DIREITOS CREDITÓRIOS CONDOMINIAIS NÃO PADRONIZADO RESP LIMITADA,1173659.62,972.24,64996.34,972.24,64024.1,4.383759090499647e-06,0.9999971165038388,True,campo_bruto_CVM_reprocessado
177,2026-06,48313595000161,48313595000161,48.313.595/0001-61,48.313.595/0001-61,IBBA AGRO BR FUNDO DE INVESTIMENTO EM DIREITOS CREDITÓRIOS,609029.22,0.0,41600.0,0.0,41600.0,2.8483708191881703e-06,0.999999964874658,False,campo_bruto_CVM_reprocessado
178,2026-06,63887027000168,63887027000168,63.887.027/0001-68,63.887.027/0001-68,ADIANTA PLANTÃO FUNDO DE INVESTIMENTO EM DIREITOS CREDITÓRIOS NÃO-PADRONIZADOS - RESPONSABILIDADE LI,-2140.96,9747.0,10260.0,9747.0,513.0,3.512534207316181e-08,1.0,True,campo_bruto_CVM_reprocessado
